Workbook

Sheet données
A2: Échantillon
A3: X | B3: Y
A4: 3 | B4: 10
A5: 7 | B5: 20
A6: 12 | B6: 40
A7: 15 | B7: 150
A8: 24 | B8: 300
A9: 28 | B9: 500
A11: Hors échantillon
A12: X | B12: Y
A13: 5 | B13: 15
A14: 10 | B14: 30
A15: 17 | B15: 160
A16: 20 | B16: 200
A17: 22 | B17: 260
A18: 26 | B18: 400

Sheet régression modérée
A2: Échantillon
A3: X | B3: Y
A4: 3 | B4: 10
A5: 7 | B5: 20
A6: 12 | B6: 40
A7: 15 | B7: 150
A8: 24 | B8: 300
A9: 28 | B9: 500
A11: Hors échantillon
A12: X | B12: Y
A13: 5 | B13: 15
A14: 10 | B14: 30
A15: 17 | B15: 160
A16: 20 | B16: 200
A17: 22 | B17: 260
A18: 26 | B18: 400

Sheet surapprentissage
A2: Échantillon
A3: X | B3: Y
A4: 3 | B4: 10
A5: 7 | B5: 20
A6: 12 | B6: 40
A7: 15 | B7: 150
A8: 24 | B8: 300
A9: 28 | B9: 500
A11: Hors échantillon
A12: X | B12: Y
A13: 5 | B13: 15
A14: 10 | B14: 30
A15: 17 | B15: 160
A16: 20 | B16: 200
A17: 22 | B17: 260
A18: 26 | B18: 400

Sheet ordre 0
D1: {=TRANSPOSE(MMULT(MINVERSE(MMULT(TRANSPOSE(D4:D9),D4:D9)),MMULT(TRANSPOSE(D4:D9),B4:B9)))} -> 170
A2: Échantillon | D2: =D1 -> 170 | E2: 0 | F2: 0 | G2: 0 | H2: 0 | I2: 0 | J2: 0
A3: X | B3: Y | D3: 0 | E3: 1 | F3: 2 | G3: 3 | H3: 4 | I3: 5 | J3: 6
A4: 3 | B4: 10 | D4: =$A4^D$3 -> 1 | E4: =$A4^E$3 -> 3 | F4: =$A4^F$3 -> 9 | G4: =$A4^G$3 -> 27 | H4: =$A4^H$3 -> 81 | I4: =$A4^I$3 -> 243 | J4: =$A4^J$3 -> 729 | K4: =SUMPRODUCT(D4:J4,$D$2:$J$2) -> 170 | L4: =(K4-B4)^2 -> 25600
A5: 7 | B5: 20 | D5: =$A5^D$3 -> 1 | E5: =$A5^E$3 -> 7 | F5: =$A5^F$3 -> 49 | G5: =$A5^G$3 -> 343 | H5: =$A5^H$3 -> 2401 | I5: =$A5^I$3 -> 16807 | J5: =$A5^J$3 -> 117649 | K5: =SUMPRODUCT(D5:J5,$D$2:$J$2) -> 170 | L5: =(K5-B5)^2 -> 22500
A6: 12 | B6: 40 | D6: =$A6^D$3 -> 1 | E6: =$A6^E$3 -> 12 | F6: =$A6^F$3 -> 144 | G6: =$A6^G$3 -> 1728 | H6: =$A6^H$3 -> 20736 | I6: =$A6^I$3 -> 248832 | J6: =$A6^J$3 -> 2985984 | K6: =SUMPRODUCT(D6:J6,$D$2:$J$2) -> 170 | L6: =(K6-B6)^2 -> 16900
A7: 15 | B7: 150 | D7: =$A7^D$3 -> 1 | E7: =$A7^E$3 -> 15 | F7: =$A7^F$3 -> 225 | G7: =$A7^G$3 -> 3375 | H7: =$A7^H$3 -> 50625 | I7: =$A7^I$3 -> 759375 | J7: =$A7^J$3 -> 11390625 | K7: =SUMPRODUCT(D7:J7,$D$2:$J$2) -> 170 | L7: =(K7-B7)^2 -> 400
A8: 24 | B8: 300 | D8: =$A8^D$3 -> 1 | E8: =$A8^E$3 -> 24 | F8: =$A8^F$3 -> 576 | G8: =$A8^G$3 -> 13824 | H8: =$A8^H$3 -> 331776 | I8: =$A8^I$3 -> 7962624 | J8: =$A8^J$3 -> 191102976 | K8: =SUMPRODUCT(D8:J8,$D$2:$J$2) -> 170 | L8: =(K8-B8)^2 -> 16900
A9: 28 | B9: 500 | D9: =$A9^D$3 -> 1 | E9: =$A9^E$3 -> 28 | F9: =$A9^F$3 -> 784 | G9: =$A9^G$3 -> 21952 | H9: =$A9^H$3 -> 614656 | I9: =$A9^I$3 -> 17210368 | J9: =$A9^J$3 -> 481890304 | K9: =SUMPRODUCT(D9:J9,$D$2:$J$2) -> 170 | L9: =(K9-B9)^2 -> 108900
L10: =AVERAGE(L4:L9) -> 31866.667
A11: Hors échantillon
A12: X | B12: Y
A13: 5 | B13: 15 | D13: =$A13^D$3 -> 1 | E13: =$A13^E$3 -> 5 | F13: =$A13^F$3 -> 25 | G13: =$A13^G$3 -> 125 | H13: =$A13^H$3 -> 625 | I13: =$A13^I$3 -> 3125 | J13: =$A13^J$3 -> 15625 | K13: =SUMPRODUCT(D13:J13,$D$2:$J$2) -> 170 | L13: =(K13-B13)^2 -> 24025
A14: 10 | B14: 30 | D14: =$A14^D$3 -> 1 | E14: =$A14^E$3 -> 10 | F14: =$A14^F$3 -> 100 | G14: =$A14^G$3 -> 1000 | H14: =$A14^H$3 -> 10000 | I14: =$A14^I$3 -> 100000 | J14: =$A14^J$3 -> 1000000 | K14: =SUMPRODUCT(D14:J14,$D$2:$J$2) -> 170 | L14: =(K14-B14)^2 -> 19600
A15: 17 | B15: 160 | D15: =$A15^D$3 -> 1 | E15: =$A15^E$3 -> 17 | F15: =$A15^F$3 -> 289 | G15: =$A15^G$3 -> 4913 | H15: =$A15^H$3 -> 83521 | I15: =$A15^I$3 -> 1419857 | J15: =$A15^J$3 -> 24137569 | K15: =SUMPRODUCT(D15:J15,$D$2:$J$2) -> 170 | L15: =(K15-B15)^2 -> 100
A16: 20 | B16: 200 | D16: =$A16^D$3 -> 1 | E16: =$A16^E$3 -> 20 | F16: =$A16^F$3 -> 400 | G16: =$A16^G$3 -> 8000 | H16: =$A16^H$3 -> 160000 | I16: =$A16^I$3 -> 3200000 | J16: =$A16^J$3 -> 64000000 | K16: =SUMPRODUCT(D16:J16,$D$2:$J$2) -> 170 | L16: =(K16-B16)^2 -> 900
A17: 22 | B17: 260 | D17: =$A17^D$3 -> 1 | E17: =$A17^E$3 -> 22 | F17: =$A17^F$3 -> 484 | G17: =$A17^G$3 -> 10648 | H17: =$A17^H$3 -> 234256 | I17: =$A17^I$3 -> 5153632 | J17: =$A17^J$3 -> 113379904 | K17: =SUMPRODUCT(D17:J17,$D$2:$J$2) -> 170 | L17: =(K17-B17)^2 -> 8100
A18: 26 | B18: 400 | D18: =$A18^D$3 -> 1 | E18: =$A18^E$3 -> 26 | F18: =$A18^F$3 -> 676 | G18: =$A18^G$3 -> 17576 | H18: =$A18^H$3 -> 456976 | I18: =$A18^I$3 -> 11881376 | J18: =$A18^J$3 -> 308915776 | K18: =SUMPRODUCT(D18:J18,$D$2:$J$2) -> 170 | L18: =(K18-B18)^2 -> 52900
L19: =AVERAGE(L13:L18) -> 17604.167

Sheet ordre 1
D1: {=TRANSPOSE(MMULT(MINVERSE(MMULT(TRANSPOSE(D4:E9),D4:E9)),MMULT(TRANSPOSE(D4:E9),B4:B9)))} -> -115.01607 | E1: 19.214566
A2: Échantillon | D2: =D1 -> -115.01607 | E2: =E1 -> 19.214566 | F2: 0 | G2: 0 | H2: 0 | I2: 0 | J2: 0
A3: X | B3: Y | D3: 0 | E3: 1 | F3: 2 | G3: 3 | H3: 4 | I3: 5 | J3: 6
A4: 3 | B4: 10 | D4: =$A4^D$3 -> 1 | E4: =$A4^E$3 -> 3 | F4: =$A4^F$3 -> 9 | G4: =$A4^G$3 -> 27 | H4: =$A4^H$3 -> 81 | I4: =$A4^I$3 -> 243 | J4: =$A4^J$3 -> 729 | K4: =SUMPRODUCT(D4:J4,$D$2:$J$2) -> -57.372367 | L4: =(K4-B4)^2 -> 4539.0358
A5: 7 | B5: 20 | D5: =$A5^D$3 -> 1 | E5: =$A5^E$3 -> 7 | F5: =$A5^F$3 -> 49 | G5: =$A5^G$3 -> 343 | H5: =$A5^H$3 -> 2401 | I5: =$A5^I$3 -> 16807 | J5: =$A5^J$3 -> 117649 | K5: =SUMPRODUCT(D5:J5,$D$2:$J$2) -> 19.485898 | L5: =(K5-B5)^2 -> 0.26430098
A6: 12 | B6: 40 | D6: =$A6^D$3 -> 1 | E6: =$A6^E$3 -> 12 | F6: =$A6^F$3 -> 144 | G6: =$A6^G$3 -> 1728 | H6: =$A6^H$3 -> 20736 | I6: =$A6^I$3 -> 248832 | J6: =$A6^J$3 -> 2985984 | K6: =SUMPRODUCT(D6:J6,$D$2:$J$2) -> 115.55873 | L6: =(K6-B6)^2 -> 5709.1215
A7: 15 | B7: 150 | D7: =$A7^D$3 -> 1 | E7: =$A7^E$3 -> 15 | F7: =$A7^F$3 -> 225 | G7: =$A7^G$3 -> 3375 | H7: =$A7^H$3 -> 50625 | I7: =$A7^I$3 -> 759375 | J7: =$A7^J$3 -> 11390625 | K7: =SUMPRODUCT(D7:J7,$D$2:$J$2) -> 173.20243 | L7: =(K7-B7)^2 -> 538.35265
A8: 24 | B8: 300 | D8: =$A8^D$3 -> 1 | E8: =$A8^E$3 -> 24 | F8: =$A8^F$3 -> 576 | G8: =$A8^G$3 -> 13824 | H8: =$A8^H$3 -> 331776 | I8: =$A8^I$3 -> 7962624 | J8: =$A8^J$3 -> 191102976 | K8: =SUMPRODUCT(D8:J8,$D$2:$J$2) -> 346.13352 | L8: =(K8-B8)^2 -> 2128.302
A9: 28 | B9: 500 | D9: =$A9^D$3 -> 1 | E9: =$A9^E$3 -> 28 | F9: =$A9^F$3 -> 784 | G9: =$A9^G$3 -> 21952 | H9: =$A9^H$3 -> 614656 | I9: =$A9^I$3 -> 17210368 | J9: =$A9^J$3 -> 481890304 | K9: =SUMPRODUCT(D9:J9,$D$2:$J$2) -> 422.99179 | L9: =(K9-B9)^2 -> 5930.2646
L10: =AVERAGE(L4:L9) -> 3140.8902
A11: Hors échantillon
A12: X | B12: Y
A13: 5 | B13: 15 | D13: =$A13^D$3 -> 1 | E13: =$A13^E$3 -> 5 | F13: =$A13^F$3 -> 25 | G13: =$A13^G$3 -> 125 | H13: =$A13^H$3 -> 625 | I13: =$A13^I$3 -> 3125 | J13: =$A13^J$3 -> 15625 | K13: =SUMPRODUCT(D13:J13,$D$2:$J$2) -> -18.943235 | L13: =(K13-B13)^2 -> 1152.1432
A14: 10 | B14: 30 | D14: =$A14^D$3 -> 1 | E14: =$A14^E$3 -> 10 | F14: =$A14^F$3 -> 100 | G14: =$A14^G$3 -> 1000 | H14: =$A14^H$3 -> 10000 | I14: =$A14^I$3 -> 100000 | J14: =$A14^J$3 -> 1000000 | K14: =SUMPRODUCT(D14:J14,$D$2:$J$2) -> 77.129597 | L14: =(K14-B14)^2 -> 2221.1989
A15: 17 | B15: 160 | D15: =$A15^D$3 -> 1 | E15: =$A15^E$3 -> 17 | F15: =$A15^F$3 -> 289 | G15: =$A15^G$3 -> 4913 | H15: =$A15^H$3 -> 83521 | I15: =$A15^I$3 -> 1419857 | J15: =$A15^J$3 -> 24137569 | K15: =SUMPRODUCT(D15:J15,$D$2:$J$2) -> 211.63156 | L15: =(K15-B15)^2 -> 2665.818
A16: 20 | B16: 200 | D16: =$A16^D$3 -> 1 | E16: =$A16^E$3 -> 20 | F16: =$A16^F$3 -> 400 | G16: =$A16^G$3 -> 8000 | H16: =$A16^H$3 -> 160000 | I16: =$A16^I$3 -> 3200000 | J16: =$A16^J$3 -> 64000000 | K16: =SUMPRODUCT(D16:J16,$D$2:$J$2) -> 269.27526 | L16: =(K16-B16)^2 -> 4799.0615
A17: 22 | B17: 260 | D17: =$A17^D$3 -> 1 | E17: =$A17^E$3 -> 22 | F17: =$A17^F$3 -> 484 | G17: =$A17^G$3 -> 10648 | H17: =$A17^H$3 -> 234256 | I17: =$A17^I$3 -> 5153632 | J17: =$A17^J$3 -> 113379904 | K17: =SUMPRODUCT(D17:J17,$D$2:$J$2) -> 307.70439 | L17: =(K17-B17)^2 -> 2275.7089
A18: 26 | B18: 400 | D18: =$A18^D$3 -> 1 | E18: =$A18^E$3 -> 26 | F18: =$A18^F$3 -> 676 | G18: =$A18^G$3 -> 17576 | H18: =$A18^H$3 -> 456976 | I18: =$A18^I$3 -> 11881376 | J18: =$A18^J$3 -> 308915776 | K18: =SUMPRODUCT(D18:J18,$D$2:$J$2) -> 384.56266 | L18: =(K18-B18)^2 -> 238.31158
L19: =AVERAGE(L13:L18) -> 2225.3737

Sheet ordre 2
D1: {=TRANSPOSE(MMULT(MINVERSE(MMULT(TRANSPOSE(D4:F9),D4:F9)),MMULT(TRANSPOSE(D4:F9),B4:B9)))} -> 23.817584 | E1: -6.4869423 | F1: 0.81389612
A2: Échantillon | D2: =D1 -> 23.817584 | E2: =E1 -> -6.4869423 | F2: =F1 -> 0.81389612 | G2: 0 | H2: 0 | I2: 0 | J2: 0
A3: X | B3: Y | D3: 0 | E3: 1 | F3: 2 | G3: 3 | H3: 4 | I3: 5 | J3: 6
A4: 3 | B4: 10 | D4: =$A4^D$3 -> 1 | E4: =$A4^E$3 -> 3 | F4: =$A4^F$3 -> 9 | G4: =$A4^G$3 -> 27 | H4: =$A4^H$3 -> 81 | I4: =$A4^I$3 -> 243 | J4: =$A4^J$3 -> 729 | K4: =SUMPRODUCT(D4:J4,$D$2:$J$2) -> 11.681822 | L4: =(K4-B4)^2 -> 2.8285264
A5: 7 | B5: 20 | D5: =$A5^D$3 -> 1 | E5: =$A5^E$3 -> 7 | F5: =$A5^F$3 -> 49 | G5: =$A5^G$3 -> 343 | H5: =$A5^H$3 -> 2401 | I5: =$A5^I$3 -> 16807 | J5: =$A5^J$3 -> 117649 | K5: =SUMPRODUCT(D5:J5,$D$2:$J$2) -> 18.289898 | L5: =(K5-B5)^2 -> 2.9244497
A6: 12 | B6: 40 | D6: =$A6^D$3 -> 1 | E6: =$A6^E$3 -> 12 | F6: =$A6^F$3 -> 144 | G6: =$A6^G$3 -> 1728 | H6: =$A6^H$3 -> 20736 | I6: =$A6^I$3 -> 248832 | J6: =$A6^J$3 -> 2985984 | K6: =SUMPRODUCT(D6:J6,$D$2:$J$2) -> 63.175317 | L6: =(K6-B6)^2 -> 537.09533
A7: 15 | B7: 150 | D7: =$A7^D$3 -> 1 | E7: =$A7^E$3 -> 15 | F7: =$A7^F$3 -> 225 | G7: =$A7^G$3 -> 3375 | H7: =$A7^H$3 -> 50625 | I7: =$A7^I$3 -> 759375 | J7: =$A7^J$3 -> 11390625 | K7: =SUMPRODUCT(D7:J7,$D$2:$J$2) -> 109.64008 | L7: =(K7-B7)^2 -> 1628.9235
A8: 24 | B8: 300 | D8: =$A8^D$3 -> 1 | E8: =$A8^E$3 -> 24 | F8: =$A8^F$3 -> 576 | G8: =$A8^G$3 -> 13824 | H8: =$A8^H$3 -> 331776 | I8: =$A8^I$3 -> 7962624 | J8: =$A8^J$3 -> 191102976 | K8: =SUMPRODUCT(D8:J8,$D$2:$J$2) -> 336.93513 | L8: =(K8-B8)^2 -> 1364.204
A9: 28 | B9: 500 | D9: =$A9^D$3 -> 1 | E9: =$A9^E$3 -> 28 | F9: =$A9^F$3 -> 784 | G9: =$A9^G$3 -> 21952 | H9: =$A9^H$3 -> 614656 | I9: =$A9^I$3 -> 17210368 | J9: =$A9^J$3 -> 481890304 | K9: =SUMPRODUCT(D9:J9,$D$2:$J$2) -> 480.27775 | L9: =(K9-B9)^2 -> 388.96695
L10: =AVERAGE(L4:L9) -> 654.15712
A11: Hors échantillon
A12: X | B12: Y
A13: 5 | B13: 15 | D13: =$A13^D$3 -> 1 | E13: =$A13^E$3 -> 5 | F13: =$A13^F$3 -> 25 | G13: =$A13^G$3 -> 125 | H13: =$A13^H$3 -> 625 | I13: =$A13^I$3 -> 3125 | J13: =$A13^J$3 -> 15625 | K13: =SUMPRODUCT(D13:J13,$D$2:$J$2) -> 11.730276 | L13: =(K13-B13)^2 -> 10.691098
A14: 10 | B14: 30 | D14: =$A14^D$3 -> 1 | E14: =$A14^E$3 -> 10 | F14: =$A14^F$3 -> 100 | G14: =$A14^G$3 -> 1000 | H14: =$A14^H$3 -> 10000 | I14: =$A14^I$3 -> 100000 | J14: =$A14^J$3 -> 1000000 | K14: =SUMPRODUCT(D14:J14,$D$2:$J$2) -> 40.337773 | L14: =(K14-B14)^2 -> 106.86955
A15: 17 | B15: 160 | D15: =$A15^D$3 -> 1 | E15: =$A15^E$3 -> 17 | F15: =$A15^F$3 -> 289 | G15: =$A15^G$3 -> 4913 | H15: =$A15^H$3 -> 83521 | I15: =$A15^I$3 -> 1419857 | J15: =$A15^J$3 -> 24137569 | K15: =SUMPRODUCT(D15:J15,$D$2:$J$2) -> 148.75554 | L15: =(K15-B15)^2 -> 126.43782
A16: 20 | B16: 200 | D16: =$A16^D$3 -> 1 | E16: =$A16^E$3 -> 20 | F16: =$A16^F$3 -> 400 | G16: =$A16^G$3 -> 8000 | H16: =$A16^H$3 -> 160000 | I16: =$A16^I$3 -> 3200000 | J16: =$A16^J$3 -> 64000000 | K16: =SUMPRODUCT(D16:J16,$D$2:$J$2) -> 219.63718 | L16: =(K16-B16)^2 -> 385.61902
A17: 22 | B17: 260 | D17: =$A17^D$3 -> 1 | E17: =$A17^E$3 -> 22 | F17: =$A17^F$3 -> 484 | G17: =$A17^G$3 -> 10648 | H17: =$A17^H$3 -> 234256 | I17: =$A17^I$3 -> 5153632 | J17: =$A17^J$3 -> 113379904 | K17: =SUMPRODUCT(D17:J17,$D$2:$J$2) -> 275.03057 | L17: =(K17-B17)^2 -> 225.91815
A18: 26 | B18: 400 | D18: =$A18^D$3 -> 1 | E18: =$A18^E$3 -> 26 | F18: =$A18^F$3 -> 676 | G18: =$A18^G$3 -> 17576 | H18: =$A18^H$3 -> 456976 | I18: =$A18^I$3 -> 11881376 | J18: =$A18^J$3 -> 308915776 | K18: =SUMPRODUCT(D18:J18,$D$2:$J$2) -> 405.35086 | L18: =(K18-B18)^2 -> 28.631692
L19: =AVERAGE(L13:L18) -> 147.36122

Sheet ordre 3
D1: {=TRANSPOSE(MMULT(MINVERSE(MMULT(TRANSPOSE(D4:G9),D4:G9)),MMULT(TRANSPOSE(D4:G9),B4:B9)))} -> -14.779387 | E1: 6.8401149 | F1: -0.28023016 | G1: 0.024259434
A2: Échantillon | D2: =D1 -> -14.779387 | E2: =E1 -> 6.8401149 | F2: =F1 -> -0.28023016 | G2: =G1 -> 0.024259434 | H2: 0 | I2: 0 | J2: 0
A3: X | B3: Y | D3: 0 | E3: 1 | F3: 2 | G3: 3 | H3: 4 | I3: 5 | J3: 6
A4: 3 | B4: 10 | D4: =$A4^D$3 -> 1 | E4: =$A4^E$3 -> 3 | F4: =$A4^F$3 -> 9 | G4: =$A4^G$3 -> 27 | H4: =$A4^H$3 -> 81 | I4: =$A4^I$3 -> 243 | J4: =$A4^J$3 -> 729 | K4: =SUMPRODUCT(D4:J4,$D$2:$J$2) -> 3.8738913 | L4: =(K4-B4)^2 -> 37.529208
A5: 7 | B5: 20 | D5: =$A5^D$3 -> 1 | E5: =$A5^E$3 -> 7 | F5: =$A5^F$3 -> 49 | G5: =$A5^G$3 -> 343 | H5: =$A5^H$3 -> 2401 | I5: =$A5^I$3 -> 16807 | J5: =$A5^J$3 -> 117649 | K5: =SUMPRODUCT(D5:J5,$D$2:$J$2) -> 27.691125 | L5: =(K5-B5)^2 -> 59.153411
A6: 12 | B6: 40 | D6: =$A6^D$3 -> 1 | E6: =$A6^E$3 -> 12 | F6: =$A6^F$3 -> 144 | G6: =$A6^G$3 -> 1728 | H6: =$A6^H$3 -> 20736 | I6: =$A6^I$3 -> 248832 | J6: =$A6^J$3 -> 2985984 | K6: =SUMPRODUCT(D6:J6,$D$2:$J$2) -> 68.869151 | L6: =(K6-B6)^2 -> 833.42786
A7: 15 | B7: 150 | D7: =$A7^D$3 -> 1 | E7: =$A7^E$3 -> 15 | F7: =$A7^F$3 -> 225 | G7: =$A7^G$3 -> 3375 | H7: =$A7^H$3 -> 50625 | I7: =$A7^I$3 -> 759375 | J7: =$A7^J$3 -> 11390625 | K7: =SUMPRODUCT(D7:J7,$D$2:$J$2) -> 106.64614 | L7: =(K7-B7)^2 -> 1879.5572
A8: 24 | B8: 300 | D8: =$A8^D$3 -> 1 | E8: =$A8^E$3 -> 24 | F8: =$A8^F$3 -> 576 | G8: =$A8^G$3 -> 13824 | H8: =$A8^H$3 -> 331776 | I8: =$A8^I$3 -> 7962624 | J8: =$A8^J$3 -> 191102976 | K8: =SUMPRODUCT(D8:J8,$D$2:$J$2) -> 323.33321 | L8: =(K8-B8)^2 -> 544.43885
A9: 28 | B9: 500 | D9: =$A9^D$3 -> 1 | E9: =$A9^E$3 -> 28 | F9: =$A9^F$3 -> 784 | G9: =$A9^G$3 -> 21952 | H9: =$A9^H$3 -> 614656 | I9: =$A9^I$3 -> 17210368 | J9: =$A9^J$3 -> 481890304 | K9: =SUMPRODUCT(D9:J9,$D$2:$J$2) -> 489.58648 | L9: =(K9-B9)^2 -> 108.44142
L10: =AVERAGE(L4:L9) -> 577.09132
A11: Hors échantillon
A12: X | B12: Y
A13: 5 | B13: 15 | D13: =$A13^D$3 -> 1 | E13: =$A13^E$3 -> 5 | F13: =$A13^F$3 -> 25 | G13: =$A13^G$3 -> 125 | H13: =$A13^H$3 -> 625 | I13: =$A13^I$3 -> 3125 | J13: =$A13^J$3 -> 15625 | K13: =SUMPRODUCT(D13:J13,$D$2:$J$2) -> 15.447863 | L13: =(K13-B13)^2 -> 0.20058123
A14: 10 | B14: 30 | D14: =$A14^D$3 -> 1 | E14: =$A14^E$3 -> 10 | F14: =$A14^F$3 -> 100 | G14: =$A14^G$3 -> 1000 | H14: =$A14^H$3 -> 10000 | I14: =$A14^I$3 -> 100000 | J14: =$A14^J$3 -> 1000000 | K14: =SUMPRODUCT(D14:J14,$D$2:$J$2) -> 49.85818 | L14: =(K14-B14)^2 -> 394.34731
A15: 17 | B15: 160 | D15: =$A15^D$3 -> 1 | E15: =$A15^E$3 -> 17 | F15: =$A15^F$3 -> 289 | G15: =$A15^G$3 -> 4913 | H15: =$A15^H$3 -> 83521 | I15: =$A15^I$3 -> 1419857 | J15: =$A15^J$3 -> 24137569 | K15: =SUMPRODUCT(D15:J15,$D$2:$J$2) -> 139.70265 | L15: =(K15-B15)^2 -> 411.98246
A16: 20 | B16: 200 | D16: =$A16^D$3 -> 1 | E16: =$A16^E$3 -> 20 | F16: =$A16^F$3 -> 400 | G16: =$A16^G$3 -> 8000 | H16: =$A16^H$3 -> 160000 | I16: =$A16^I$3 -> 3200000 | J16: =$A16^J$3 -> 64000000 | K16: =SUMPRODUCT(D16:J16,$D$2:$J$2) -> 204.00632 | L16: =(K16-B16)^2 -> 16.050588
A17: 22 | B17: 260 | D17: =$A17^D$3 -> 1 | E17: =$A17^E$3 -> 22 | F17: =$A17^F$3 -> 484 | G17: =$A17^G$3 -> 10648 | H17: =$A17^H$3 -> 234256 | I17: =$A17^I$3 -> 5153632 | J17: =$A17^J$3 -> 113379904 | K17: =SUMPRODUCT(D17:J17,$D$2:$J$2) -> 258.3862 | L17: =(K17-B17)^2 -> 2.6043631
A18: 26 | B18: 400 | D18: =$A18^D$3 -> 1 | E18: =$A18^E$3 -> 26 | F18: =$A18^F$3 -> 676 | G18: =$A18^G$3 -> 17576 | H18: =$A18^H$3 -> 456976 | I18: =$A18^I$3 -> 11881376 | J18: =$A18^J$3 -> 308915776 | K18: =SUMPRODUCT(D18:J18,$D$2:$J$2) -> 400.01182 | L18: =(K18-B18)^2 -> 0.00013979637
L19: =AVERAGE(L13:L18) -> 137.53091

Sheet ordre 4
D1: {=TRANSPOSE(MMULT(MINVERSE(MMULT(TRANSPOSE(D4:H9),D4:H9)),MMULT(TRANSPOSE(D4:H9),B4:B9)))} -> 110.46215 | E1: -50.733435 | F1: 7.1178799 | G1: -0.32955589 | H1: 0.0056325032
A2: Échantillon | D2: =D1 -> 110.46215 | E2: =E1 -> -50.733435 | F2: =F1 -> 7.1178799 | G2: =G1 -> -0.32955589 | H2: =H1 -> 0.0056325032 | I2: 0 | J2: 0
A3: X | B3: Y | D3: 0 | E3: 1 | F3: 2 | G3: 3 | H3: 4 | I3: 5 | J3: 6
A4: 3 | B4: 10 | D4: =$A4^D$3 -> 1 | E4: =$A4^E$3 -> 3 | F4: =$A4^F$3 -> 9 | G4: =$A4^G$3 -> 27 | H4: =$A4^H$3 -> 81 | I4: =$A4^I$3 -> 243 | J4: =$A4^J$3 -> 729 | K4: =SUMPRODUCT(D4:J4,$D$2:$J$2) -> 13.880989 | L4: =(K4-B4)^2 -> 15.062073
A5: 7 | B5: 20 | D5: =$A5^D$3 -> 1 | E5: =$A5^E$3 -> 7 | F5: =$A5^F$3 -> 49 | G5: =$A5^G$3 -> 343 | H5: =$A5^H$3 -> 2401 | I5: =$A5^I$3 -> 16807 | J5: =$A5^J$3 -> 117649 | K5: =SUMPRODUCT(D5:J5,$D$2:$J$2) -> 4.590192 | L5: =(K5-B5)^2 -> 237.46218
A6: 12 | B6: 40 | D6: =$A6^D$3 -> 1 | E6: =$A6^E$3 -> 12 | F6: =$A6^F$3 -> 144 | G6: =$A6^G$3 -> 1728 | H6: =$A6^H$3 -> 20736 | I6: =$A6^I$3 -> 248832 | J6: =$A6^J$3 -> 2985984 | K6: =SUMPRODUCT(D6:J6,$D$2:$J$2) -> 73.958651 | L6: =(K6-B6)^2 -> 1153.19
A7: 15 | B7: 150 | D7: =$A7^D$3 -> 1 | E7: =$A7^E$3 -> 15 | F7: =$A7^F$3 -> 225 | G7: =$A7^G$3 -> 3375 | H7: =$A7^H$3 -> 50625 | I7: =$A7^I$3 -> 759375 | J7: =$A7^J$3 -> 11390625 | K7: =SUMPRODUCT(D7:J7,$D$2:$J$2) -> 123.87796 | L7: =(K7-B7)^2 -> 682.36093
A8: 24 | B8: 300 | D8: =$A8^D$3 -> 1 | E8: =$A8^E$3 -> 24 | F8: =$A8^F$3 -> 576 | G8: =$A8^G$3 -> 13824 | H8: =$A8^H$3 -> 331776 | I8: =$A8^I$3 -> 7962624 | J8: =$A8^J$3 -> 191102976 | K8: =SUMPRODUCT(D8:J8,$D$2:$J$2) -> 305.70734 | L8: =(K8-B8)^2 -> 32.573688
A9: 28 | B9: 500 | D9: =$A9^D$3 -> 1 | E9: =$A9^E$3 -> 28 | F9: =$A9^F$3 -> 784 | G9: =$A9^G$3 -> 21952 | H9: =$A9^H$3 -> 614656 | I9: =$A9^I$3 -> 17210368 | J9: =$A9^J$3 -> 481890304 | K9: =SUMPRODUCT(D9:J9,$D$2:$J$2) -> 497.98487 | L9: =(K9-B9)^2 -> 4.0607438
L10: =AVERAGE(L4:L9) -> 354.11827
A11: Hors échantillon
A12: X | B12: Y
A13: 5 | B13: 15 | D13: =$A13^D$3 -> 1 | E13: =$A13^E$3 -> 5 | F13: =$A13^F$3 -> 25 | G13: =$A13^G$3 -> 125 | H13: =$A13^H$3 -> 625 | I13: =$A13^I$3 -> 3125 | J13: =$A13^J$3 -> 15625 | K13: =SUMPRODUCT(D13:J13,$D$2:$J$2) -> -2.9321981 | L13: =(K13-B13)^2 -> 321.56373
A14: 10 | B14: 30 | D14: =$A14^D$3 -> 1 | E14: =$A14^E$3 -> 10 | F14: =$A14^F$3 -> 100 | G14: =$A14^G$3 -> 1000 | H14: =$A14^H$3 -> 10000 | I14: =$A14^I$3 -> 100000 | J14: =$A14^J$3 -> 1000000 | K14: =SUMPRODUCT(D14:J14,$D$2:$J$2) -> 41.684936 | L14: =(K14-B14)^2 -> 136.53774
A15: 17 | B15: 160 | D15: =$A15^D$3 -> 1 | E15: =$A15^E$3 -> 17 | F15: =$A15^F$3 -> 289 | G15: =$A15^G$3 -> 4913 | H15: =$A15^H$3 -> 83521 | I15: =$A15^I$3 -> 1419857 | J15: =$A15^J$3 -> 24137569 | K15: =SUMPRODUCT(D15:J15,$D$2:$J$2) -> 156.38528 | L15: =(K15-B15)^2 -> 13.06623
A16: 20 | B16: 200 | D16: =$A16^D$3 -> 1 | E16: =$A16^E$3 -> 20 | F16: =$A16^F$3 -> 400 | G16: =$A16^G$3 -> 8000 | H16: =$A16^H$3 -> 160000 | I16: =$A16^I$3 -> 3200000 | J16: =$A16^J$3 -> 64000000 | K16: =SUMPRODUCT(D16:J16,$D$2:$J$2) -> 207.69883 | L16: =(K16-B16)^2 -> 59.271976
A17: 22 | B17: 260 | D17: =$A17^D$3 -> 1 | E17: =$A17^E$3 -> 22 | F17: =$A17^F$3 -> 484 | G17: =$A17^G$3 -> 10648 | H17: =$A17^H$3 -> 234256 | I17: =$A17^I$3 -> 5153632 | J17: =$A17^J$3 -> 113379904 | K17: =SUMPRODUCT(D17:J17,$D$2:$J$2) -> 249.71704 | L17: =(K17-B17)^2 -> 105.73926
A18: 26 | B18: 400 | D18: =$A18^D$3 -> 1 | E18: =$A18^E$3 -> 26 | F18: =$A18^F$3 -> 676 | G18: =$A18^G$3 -> 17576 | H18: =$A18^H$3 -> 456976 | I18: =$A18^I$3 -> 11881376 | J18: =$A18^J$3 -> 308915776 | K18: =SUMPRODUCT(D18:J18,$D$2:$J$2) -> 384.72417 | L18: =(K18-B18)^2 -> 233.35101
L19: =AVERAGE(L13:L18) -> 144.92166

Sheet ordre 5
D1: {=TRANSPOSE(MMULT(MINVERSE(MMULT(TRANSPOSE(D4:I9),D4:I9)),MMULT(TRANSPOSE(D4:I9),B4:B9)))} -> -414.86878 | E1: 268.01845 | F1: -54.920498 | G1: 4.7778448 | H1: -0.17889493 | I1: 0.0024138715
A2: Échantillon | D2: =D1 -> -414.86878 | E2: =E1 -> 268.01845 | F2: =F1 -> -54.920498 | G2: =G1 -> 4.7778448 | H2: =H1 -> -0.17889493 | I2: =I1 -> 0.0024138715 | J2: =J1 -> 0
A3: X | B3: Y | D3: 0 | E3: 1 | F3: 2 | G3: 3 | H3: 4 | I3: 5 | J3: 6
A4: 3 | B4: 10 | D4: =$A4^D$3 -> 1 | E4: =$A4^E$3 -> 3 | F4: =$A4^F$3 -> 9 | G4: =$A4^G$3 -> 27 | H4: =$A4^H$3 -> 81 | I4: =$A4^I$3 -> 243 | J4: =$A4^J$3 -> 729 | K4: =SUMPRODUCT(D4:J4,$D$2:$J$2) -> 10.000002 | L4: =(K4-B4)^2 -> 5.748266e-12
A5: 7 | B5: 20 | D5: =$A5^D$3 -> 1 | E5: =$A5^E$3 -> 7 | F5: =$A5^F$3 -> 49 | G5: =$A5^G$3 -> 343 | H5: =$A5^H$3 -> 2401 | I5: =$A5^I$3 -> 16807 | J5: =$A5^J$3 -> 117649 | K5: =SUMPRODUCT(D5:J5,$D$2:$J$2) -> 20.000002 | L5: =(K5-B5)^2 -> 2.8505073e-12
A6: 12 | B6: 40 | D6: =$A6^D$3 -> 1 | E6: =$A6^E$3 -> 12 | F6: =$A6^F$3 -> 144 | G6: =$A6^G$3 -> 1728 | H6: =$A6^H$3 -> 20736 | I6: =$A6^I$3 -> 248832 | J6: =$A6^J$3 -> 2985984 | K6: =SUMPRODUCT(D6:J6,$D$2:$J$2) -> 40.000001 | L6: =(K6-B6)^2 -> 9.1649559e-13
A7: 15 | B7: 150 | D7: =$A7^D$3 -> 1 | E7: =$A7^E$3 -> 15 | F7: =$A7^F$3 -> 225 | G7: =$A7^G$3 -> 3375 | H7: =$A7^H$3 -> 50625 | I7: =$A7^I$3 -> 759375 | J7: =$A7^J$3 -> 11390625 | K7: =SUMPRODUCT(D7:J7,$D$2:$J$2) -> 150 | L7: =(K7-B7)^2 -> 2.7773151e-13
A8: 24 | B8: 300 | D8: =$A8^D$3 -> 1 | E8: =$A8^E$3 -> 24 | F8: =$A8^F$3 -> 576 | G8: =$A8^G$3 -> 13824 | H8: =$A8^H$3 -> 331776 | I8: =$A8^I$3 -> 7962624 | J8: =$A8^J$3 -> 191102976 | K8: =SUMPRODUCT(D8:J8,$D$2:$J$2) -> 300 | L8: =(K8-B8)^2 -> 1.0511645e-13
A9: 28 | B9: 500 | D9: =$A9^D$3 -> 1 | E9: =$A9^E$3 -> 28 | F9: =$A9^F$3 -> 784 | G9: =$A9^G$3 -> 21952 | H9: =$A9^H$3 -> 614656 | I9: =$A9^I$3 -> 17210368 | J9: =$A9^J$3 -> 481890304 | K9: =SUMPRODUCT(D9:J9,$D$2:$J$2) -> 500 | L9: =(K9-B9)^2 -> 2.6841915e-13
L10: =AVERAGE(L4:L9) -> 1.6944227e-12
A11: Hors échantillon
A12: X | B12: Y
A13: 5 | B13: 15 | D13: =$A13^D$3 -> 1 | E13: =$A13^E$3 -> 5 | F13: =$A13^F$3 -> 25 | G13: =$A13^G$3 -> 125 | H13: =$A13^H$3 -> 625 | I13: =$A13^I$3 -> 3125 | J13: =$A13^J$3 -> 15625 | K13: =SUMPRODUCT(D13:J13,$D$2:$J$2) -> 45.175677 | L13: =(K13-B13)^2 -> 910.57146
A14: 10 | B14: 30 | D14: =$A14^D$3 -> 1 | E14: =$A14^E$3 -> 10 | F14: =$A14^F$3 -> 100 | G14: =$A14^G$3 -> 1000 | H14: =$A14^H$3 -> 10000 | I14: =$A14^I$3 -> 100000 | J14: =$A14^J$3 -> 1000000 | K14: =SUMPRODUCT(D14:J14,$D$2:$J$2) -> 3.5486438 | L14: =(K14-B14)^2 -> 699.67425
A15: 17 | B15: 160 | D15: =$A15^D$3 -> 1 | E15: =$A15^E$3 -> 17 | F15: =$A15^F$3 -> 289 | G15: =$A15^G$3 -> 4913 | H15: =$A15^H$3 -> 83521 | I15: =$A15^I$3 -> 1419857 | J15: =$A15^J$3 -> 24137569 | K15: =SUMPRODUCT(D15:J15,$D$2:$J$2) -> 228.84134 | L15: =(K15-B15)^2 -> 4739.1295
A16: 20 | B16: 200 | D16: =$A16^D$3 -> 1 | E16: =$A16^E$3 -> 20 | F16: =$A16^F$3 -> 400 | G16: =$A16^G$3 -> 8000 | H16: =$A16^H$3 -> 160000 | I16: =$A16^I$3 -> 3200000 | J16: =$A16^J$3 -> 64000000 | K16: =SUMPRODUCT(D16:J16,$D$2:$J$2) -> 301.25926 | L16: =(K16-B16)^2 -> 10253.438
A17: 22 | B17: 260 | D17: =$A17^D$3 -> 1 | E17: =$A17^E$3 -> 22 | F17: =$A17^F$3 -> 484 | G17: =$A17^G$3 -> 10648 | H17: =$A17^H$3 -> 234256 | I17: =$A17^I$3 -> 5153632 | J17: =$A17^J$3 -> 113379904 | K17: =SUMPRODUCT(D17:J17,$D$2:$J$2) -> 307.50189 | L17: =(K17-B17)^2 -> 2256.4291
A18: 26 | B18: 400 | D18: =$A18^D$3 -> 1 | E18: =$A18^E$3 -> 26 | F18: =$A18^F$3 -> 676 | G18: =$A18^G$3 -> 17576 | H18: =$A18^H$3 -> 456976 | I18: =$A18^I$3 -> 11881376 | J18: =$A18^J$3 -> 308915776 | K18: =SUMPRODUCT(D18:J18,$D$2:$J$2) -> 332.17904 | L18: =(K18-B18)^2 -> 4599.6823
L19: =AVERAGE(L13:L18) -> 3909.8207

Sheet compromis
D4: average squared differences
C5: Complexité (degré du polynôme) | D5: Performance en-échantillon | E5: Performance hors-échantillon
C6: 0 | D6: ='ordre 0'!$L$10 -> 31866.667 | E6: ='ordre 0'!$L$19 -> 17604.167
C7: 1 | D7: ='ordre 1'!$L$10 -> 3140.8902 | E7: ='ordre 1'!$L$19 -> 2225.3737
C8: 2 | D8: ='ordre 2'!$L$10 -> 654.15712 | E8: ='ordre 2'!$L$19 -> 147.36122
C9: 3 | D9: ='ordre 3'!$L$10 -> 577.09132 | E9: ='ordre 3'!$L$19 -> 137.53091
C10: 4 | D10: ='ordre 4'!$L$10 -> 354.11827 | E10: ='ordre 4'!$L$19 -> 144.92166
C11: 5 | D11: ='ordre 5'!$L$10 -> 1.6944227e-12 | E11: ='ordre 5'!$L$19 -> 3909.8207
