Workbook

Sheet Modèle
A2: Paramètres
B3: Valeurs
A4: Frais de compensation environnementale | B4: 0.75
A5: ($/g de CFC déversé)
A6: Marché en phase 1 (en tonnes) | B6: 10
A7: Coût de recherche (en millions de dollars) | B7: 16
A8: Succès si recherche : Valeur | B8: 1
A9: Marché en phase 2 (en tonnes) | B9: 28
A10: Part du marché CFC selon loi | B10: 0.6
A13: Décisions
B14: Recherche + Produire Phase 1 et 2
A15: Entreprendre recherche | B15: 1
A16: Produire Phase I | B16: 1
A17: Production Phase 2 | B17: 1
A19: Conséquences
A20: Phase I
A21: Profits des ventes (en millions de dollars) | B21: =B16*$B$6 -> 10
A22: assumant 1$/g de profit
A23: Coûts recherche (en millions de dollars) | B23: =B15*$B$7 -> 16
A24: Coûts environnementaux (en millions de dollars) | B24: =B16*$B$6*$B$4 -> 7.5
A25: Profits (en millions de dollars) | B25: =B21-B23-B24 -> -13.5
A26: Phase I --> II
A27: Dupont découvre alternative | B27: =$B$8*B15 -> 1
A28: Phase II
A29: Production CFC | B29: =B17*(1-B27) -> 0
A30: Production alternative | B30: =B17*B27 -> 1
A31: Vente CFC | B31: =$B$10*B29*$B$9 -> 0
A32: Vente alternative | B32: =B30*$B$9 -> 28
A33: Profits des ventes (en millions de dollars) | B33: =B32+B31 -> 28
A34: assumant 1$/g de profit
A35: Coûts environnementaux (en millions de dollars) | B35: =$B$4*B31 -> 0
A36: Profits (en millions de dollars) | B36: =B33-B35 -> 28
A38: Profit Total (en millions de dollars) | B38: =B25+B36 -> 14.5

Sheet References
A2: Paramètres
B3: Valeurs | C3: Nominal | D3: Borne Inf | E3: Borne Sup
A4: Frais de compensation environnementale | B4: =C4 -> 0.75 | C4: 0.75 | D4: 0 | E4: 1.5
A5: ($/g de CFC déversé)
A6: Marché en phase 1 (en tonnes) | B6: =C6 -> 10 | C6: 10 | D6: 7 | E6: 11
A7: Coût de recherche (en millions de dollars) | B7: =C7 -> 16 | C7: 16 | D7: 14 | E7: 20
A8: Succès si recherche : Valeur | B8: =C8 -> 1 | C8: 1 | D8: 0 | E8: 1
A9: Marché en phase 2 (en tonnes) | B9: =C9 -> 28 | C9: 28 | D9: 20 | E9: 30
A10: Part du marché CFC selon loi | B10: =C10 -> 0.6 | C10: 0.6 | D10: 0 | E10: 1
A13: Décisions
B14: Rech. + Prod. Phase 1 & 2 | C14: Rech. + Prod. Phase 2 | D14: Prod. CFC Phase 1 et 2 | E14: Prod. CFC Phase 1 | F14: Arrêter tout
A15: Entreprendre recherche | B15: 1 | C15: 1 | D15: 0 | E15: 0 | F15: 0
A16: Produire Phase I | B16: 1 | C16: 0 | D16: 1 | E16: 1 | F16: 0
A17: Production Phase 2 | B17: 1 | C17: 1 | D17: 1 | E17: 0 | F17: 0
A19: Conséquences
A20: Phase I
A21: Profits des ventes (en millions de dollars) | B21: =B16*$B$6 -> 10 | C21: =C16*$B$6 -> 0 | D21: =D16*$B$6 -> 10 | E21: =E16*$B$6 -> 10 | F21: =F16*$B$6 -> 0
A22: assumant 1$/g de profit
A23: Coûts recherche (en millions de dollars) | B23: =B15*$B$7 -> 16 | C23: =C15*$B$7 -> 16 | D23: =D15*$B$7 -> 0 | E23: =E15*$B$7 -> 0 | F23: =F15*$B$7 -> 0
A24: Coûts environnementaux (en millions de dollars) | B24: =B16*$B$6*$B$4 -> 7.5 | C24: =C16*$B$6*$B$4 -> 0 | D24: =D16*$B$6*$B$4 -> 7.5 | E24: =E16*$B$6*$B$4 -> 7.5 | F24: =F16*$B$6*$B$4 -> 0
A25: Profits (en millions de dollars) | B25: =B21-B23-B24 -> -13.5 | C25: =C21-C23-C24 -> -16 | D25: =D21-D23-D24 -> 2.5 | E25: =E21-E23-E24 -> 2.5 | F25: =F21-F23-F24 -> 0
A26: Phase I --> II
A27: Dupont découvre alternative | B27: =$B$8*B15 -> 1 | C27: =$B$8*C15 -> 1 | D27: =$B$8*D15 -> 0 | E27: =$B$8*E15 -> 0 | F27: =$B$8*F15 -> 0
A28: Phase II
A29: Production CFC | B29: =B17*(1-B27) -> 0 | C29: =C17*(1-C27) -> 0 | D29: =D17*(1-D27) -> 1 | E29: =E17*(1-E27) -> 0 | F29: =F17*(1-F27) -> 0
A30: Production alternative | B30: =B17*B27 -> 1 | C30: =C17*C27 -> 1 | D30: =D17*D27 -> 0 | E30: =E17*E27 -> 0 | F30: =F17*F27 -> 0
A31: Vente CFC | B31: =$B$10*B29*$B$9 -> 0 | C31: =$B$10*C29*$B$9 -> 0 | D31: =$B$10*D29*$B$9 -> 16.8 | E31: =$B$10*E29*$B$9 -> 0 | F31: =$B$10*F29*$B$9 -> 0
A32: Vente alternative | B32: =B30*$B$9 -> 28 | C32: =C30*$B$9 -> 28 | D32: =D30*$B$9 -> 0 | E32: =E30*$B$9 -> 0 | F32: =F30*$B$9 -> 0
A33: Profits des ventes (en millions de dollars) | B33: =B32+B31 -> 28 | C33: =C32+C31 -> 28 | D33: =D32+D31 -> 16.8 | E33: =E32+E31 -> 0 | F33: =F32+F31 -> 0
A34: assumant 1$/g de profit
A35: Coûts environnementaux (en millions de dollars) | B35: =$B$4*B31 -> 0 | C35: =$B$4*C31 -> 0 | D35: =$B$4*D31 -> 12.6 | E35: =$B$4*E31 -> 0 | F35: =$B$4*F31 -> 0
A36: Profits (en millions de dollars) | B36: =B33-B35 -> 28 | C36: =C33-C35 -> 28 | D36: =D33-D35 -> 4.2 | E36: =E33-E35 -> 0 | F36: =F33-F35 -> 0
A38: Profit Total (en millions de dollars) | B38: =B25+B36 -> 14.5 | C38: =C25+C36 -> 12 | D38: =D25+D36 -> 6.7 | E38: =E25+E36 -> 2.5 | F38: =F25+F36 -> 0
A41: Analyse de sensibilité
B42: Sensibilité de la performance | E42: Paramètre | F42: Profit total
B43: Frais de compensation environnementale
C44: élevé | E44: =E4 -> 1.5
C45: probable | E45: =C4 -> 0.75
C46: bas | E46: =D4 -> 0
B47: Marché Phase 1 | F47: =B38 -> 14.5
C48: élevé | E48: =E6 -> 11 | F48: 14.75
C49: probable | E49: =C6 -> 10 | F49: 14.5
C50: bas | E50: =D6 -> 7 | F50: 13.75
B51: Coût de recherche | F51: =B38 -> 14.5
C52: élevé | E52: =E7 -> 20 | F52: 10.5
C53: probable | E53: =C7 -> 16 | F53: 14.5
C54: bas | E54: =D7 -> 14 | F54: 16.5
B55: Succès si recherche | F55: =B38 -> 14.5
C56: élevé | E56: =E8 -> 1 | F56: 14.5
C57: probable | E57: =C8 -> 1 | F57: 14.5
C58: bas | E58: =D8 -> 0 | F58: -9.3
B59: Marché Phase 2 | F59: =B38 -> 14.5
C60: élevé | E60: =E9 -> 30 | F60: 16.5
C61: probable | E61: =C9 -> 28 | F61: 14.5
C62: bas | E62: =D9 -> 20 | F62: 6.5
B63: Part du marché Phase 2 | F63: =B38 -> 14.5
C64: élevé | E64: =E10 -> 1 | F64: 14.5
C65: probable | E65: =B10 -> 0.6 | F65: 14.5
C66: bas | E66: =D10 -> 0 | F66: 14.5
B68: Sensibilité de la décision (1 paramètre)
B69: =B43 -> Frais de compensation environnementale
C70: min | D70: =D4 -> 0 | E70: nb de pas | F70: 10
C71: max | D71: =E4 -> 1.5 | E71: taille des pas | F71: =(D71-D70)/F70 -> 0.15
F72: =B14 -> Rech. + Prod. Phase 1 & 2 | G72: =C14 -> Rech. + Prod. Phase 2 | H72: =D14 -> Prod. CFC Phase 1 et 2 | I72: =E14 -> Prod. CFC Phase 1 | J72: =F14 -> Arrêter tout
F73: =B38 -> 14.5 | G73: =C38 -> 12 | H73: =D38 -> 6.7 | I73: =E38 -> 2.5 | J73: =F38 -> 0
D74: élevé | E74: =D71 -> 1.5 | F74: 7 | G74: 12 | H74: -13.4 | I74: -5 | J74: 0
E75: =E74-F$71 -> 1.35 | F75: 8.5 | G75: 12 | H75: -9.38 | I75: -3.5 | J75: 0
E76: =E75-F$71 -> 1.2 | F76: 10 | G76: 12 | H76: -5.36 | I76: -2 | J76: 0
E77: =E76-F$71 -> 1.05 | F77: 11.5 | G77: 12 | H77: -1.34 | I77: -0.5 | J77: 0
E78: =E77-F$71 -> 0.9 | F78: 13 | G78: 12 | H78: 2.68 | I78: 1 | J78: 0
E79: =E78-F$71 -> 0.75 | F79: 14.5 | G79: 12 | H79: 6.7 | I79: 2.5 | J79: 0
E80: =E79-F$71 -> 0.6 | F80: 16 | G80: 12 | H80: 10.72 | I80: 4 | J80: 0
E81: =E80-F$71 -> 0.45 | F81: 17.5 | G81: 12 | H81: 14.74 | I81: 5.5 | J81: 0
E82: =E81-F$71 -> 0.3 | F82: 19 | G82: 12 | H82: 18.76 | I82: 7 | J82: 0
E83: =E82-F$71 -> 0.15 | F83: 20.5 | G83: 12 | H83: 22.78 | I83: 8.5 | J83: 0
D84: bas | E84: =E83-F$71 -> 0 | F84: 22 | G84: 12 | H84: 26.8 | I84: 10 | J84: 0
B86: Sensibilité de la décision (2 paramètres)
B87: =B14 -> Rech. + Prod. Phase 1 & 2 | F87: Frais de compensation environnemental
F88: =$E$4 -> 1.5 | G88: =F88-($E$4-$D$4)/10 -> 1.35 | H88: =G88-($E$4-$D$4)/10 -> 1.2 | I88: =H88-($E$4-$D$4)/10 -> 1.05 | J88: =I88-($E$4-$D$4)/10 -> 0.9 | K88: =J88-($E$4-$D$4)/10 -> 0.75 | L88: =K88-($E$4-$D$4)/10 -> 0.6 | M88: =L88-($E$4-$D$4)/10 -> 0.45 | N88: =M88-($E$4-$D$4)/10 -> 0.3 | ... P88: =O88-($E$4-$D$4)/10 -> 0
D89: Part du marché Phase 2 | E89: =$D$10 -> 0
E90: =E89+($E$10-$D$10)/10 -> 0.1
E91: =E90+($E$10-$D$10)/10 -> 0.2
E92: =E91+($E$10-$D$10)/10 -> 0.3
E93: =E92+($E$10-$D$10)/10 -> 0.4
E94: =E93+($E$10-$D$10)/10 -> 0.5
E95: =E94+($E$10-$D$10)/10 -> 0.6
E96: =E95+($E$10-$D$10)/10 -> 0.7
E97: =E96+($E$10-$D$10)/10 -> 0.8
E98: =E97+($E$10-$D$10)/10 -> 0.9
E99: =E98+($E$10-$D$10)/10 -> 1
B101: =C14 -> Rech. + Prod. Phase 2 | F101: Frais de compensation environnemental
E102: =C38 -> 12 | F102: =$E$4 -> 1.5 | G102: =F102-($E$4-$D$4)/10 -> 1.35 | H102: =G102-($E$4-$D$4)/10 -> 1.2 | I102: =H102-($E$4-$D$4)/10 -> 1.05 | J102: =I102-($E$4-$D$4)/10 -> 0.9 | K102: =J102-($E$4-$D$4)/10 -> 0.75 | L102: =K102-($E$4-$D$4)/10 -> 0.6 | M102: =L102-($E$4-$D$4)/10 -> 0.45 | N102: =M102-($E$4-$D$4)/10 -> 0.3 | ... P102: =O102-($E$4-$D$4)/10 -> 0
D103: Part du marché Phase 2 | E103: =$D$10 -> 0 | F103: 12 | G103: 12 | H103: 12 | I103: 12 | J103: 12 | K103: 12 | L103: 12 | M103: 12 | N103: 12 | O103: 12 | P103: 12
E104: =E103+($E$10-$D$10)/10 -> 0.1 | F104: 12 | G104: 12 | H104: 12 | I104: 12 | J104: 12 | K104: 12 | L104: 12 | M104: 12 | N104: 12 | O104: 12 | P104: 12
E105: =E104+($E$10-$D$10)/10 -> 0.2 | F105: 12 | G105: 12 | H105: 12 | I105: 12 | J105: 12 | K105: 12 | L105: 12 | M105: 12 | N105: 12 | O105: 12 | P105: 12
E106: =E105+($E$10-$D$10)/10 -> 0.3 | F106: 12 | G106: 12 | H106: 12 | I106: 12 | J106: 12 | K106: 12 | L106: 12 | M106: 12 | N106: 12 | O106: 12 | P106: 12
E107: =E106+($E$10-$D$10)/10 -> 0.4 | F107: 12 | G107: 12 | H107: 12 | I107: 12 | J107: 12 | K107: 12 | L107: 12 | M107: 12 | N107: 12 | O107: 12 | P107: 12
E108: =E107+($E$10-$D$10)/10 -> 0.5 | F108: 12 | G108: 12 | H108: 12 | I108: 12 | J108: 12 | K108: 12 | L108: 12 | M108: 12 | N108: 12 | O108: 12 | P108: 12
E109: =E108+($E$10-$D$10)/10 -> 0.6 | F109: 12 | G109: 12 | H109: 12 | I109: 12 | J109: 12 | K109: 12 | L109: 12 | M109: 12 | N109: 12 | O109: 12 | P109: 12
E110: =E109+($E$10-$D$10)/10 -> 0.7 | F110: 12 | G110: 12 | H110: 12 | I110: 12 | J110: 12 | K110: 12 | L110: 12 | M110: 12 | N110: 12 | O110: 12 | P110: 12
...

Sheet Sensibilité
A1: Table de sensibilité | E1: Diagramme Araignée
E3: =A4 -> Frais de compensation environnementale | F3: =A8 -> Marché Phase 1 | G3: =A12 -> Coût de recherche | H3: =A16 -> Succès si recherche | I3: =A20 -> Marché Phase 2 | J3: =A24 -> Part du marché Phase 2
A4: Frais de compensation environnementale
B5: élevé | C5: =References!E44 -> 1.5 | D5: =References!F44 -> 0 | E5: =(C5-$C$6)/$C$6 -> 1
B6: probable | C6: =References!E45 -> 0.75 | D6: =References!F45 -> 0 | E6: =(C6-$C$6)/$C$6 -> 0
B7: bas | C7: =References!E46 -> 0 | D7: =References!F46 -> 0 | E7: =(C7-$C$6)/$C$6 -> -1
A8: Marché Phase 1
B9: élevé | C9: =References!E48 -> 11 | D9: =References!F48 -> 14.75 | F9: =(C9-$C$10)/$C$10 -> 0.1
B10: probable | C10: =References!E49 -> 10 | D10: =References!F49 -> 14.5 | F10: =(C10-$C$10)/$C$10 -> 0
B11: bas | C11: =References!E50 -> 7 | D11: =References!F50 -> 13.75 | F11: =(C11-$C$10)/$C$10 -> -0.3
A12: Coût de recherche
B13: élevé | C13: =References!E52 -> 20 | D13: =References!F52 -> 10.5 | G13: =(C13-$C$14)/$C$14 -> 0.25
B14: probable | C14: =References!E53 -> 16 | D14: =References!F53 -> 14.5 | G14: =(C14-$C$14)/$C$14 -> 0
B15: bas | C15: =References!E54 -> 14 | D15: =References!F54 -> 16.5 | G15: =(C15-$C$14)/$C$14 -> -0.125
A16: Succès si recherche
B17: élevé | C17: =References!E56 -> 1 | D17: =References!F56 -> 14.5 | H17: =(C17-$C$18)/$C$18 -> 0
B18: probable | C18: =References!E57 -> 1 | D18: =References!F57 -> 14.5 | H18: =(C18-$C$18)/$C$18 -> 0
B19: bas | C19: =References!E58 -> 0 | D19: =References!F58 -> -9.3 | H19: =(C19-$C$18)/$C$18 -> -1
A20: Marché Phase 2
B21: élevé | C21: =References!E60 -> 30 | D21: =References!F60 -> 16.5 | I21: =(C21-$C$22)/$C$22 -> 0.071428571
B22: probable | C22: =References!E61 -> 28 | D22: =References!F61 -> 14.5 | I22: =(C22-$C$22)/$C$22 -> 0
B23: bas | C23: =References!E62 -> 20 | D23: =References!F62 -> 6.5 | I23: =(C23-$C$22)/$C$22 -> -0.28571429
A24: Part du marché Phase 2
B25: élevé | C25: =References!E64 -> 1 | D25: =References!F64 -> 14.5 | J25: =(C25-$C$26)/$C$26 -> 0.66666667
B26: probable | C26: =References!E65 -> 0.6 | D26: =References!F65 -> 14.5 | J26: =(C26-$C$26)/$C$26 -> 0
B27: bas | C27: =References!E66 -> 0 | D27: =References!F66 -> 14.5 | J27: =(C27-$C$26)/$C$26 -> -1
E29: Diagramme Tornade
E31: =E3 -> Frais de compensation environnementale | F31: =F3 -> Marché Phase 1 | G31: =G3 -> Coût de recherche | H31: =H3 -> Succès si recherche | I31: =I3 -> Marché Phase 2 | J31: =A47 -> Part du marché Phase 2
A32: =A4 -> Frais de compensation environnementale | B32: =ABS(D32-D34) -> 0 | C32: =RANK(B32,$B$32:$B$47,1) -> 1 | D32: =D5 -> 0 | E32: =C32 -> 1
D33: =D6 -> 0 | E33: =E32 -> 1
D34: =D7 -> 0 | E34: =E33 -> 1
A35: =A8 -> Marché Phase 1 | B35: =ABS(D35-D37) -> 1 | C35: =RANK(B35,$B$32:$B$47,1) -> 3 | D35: =D9 -> 14.75 | F35: =C35 -> 3
D36: =D10 -> 14.5 | F36: =F35 -> 3
D37: =D11 -> 13.75 | F37: =F36 -> 3
A38: =A12 -> Coût de recherche | B38: =ABS(D38-D40) -> 6 | C38: =RANK(B38,$B$32:$B$47,1) -> 4 | D38: =D13 -> 10.5 | G38: =C38 -> 4
D39: =D14 -> 14.5 | G39: =G38 -> 4
D40: =D15 -> 16.5 | G40: =G38 -> 4
A41: =A16 -> Succès si recherche | B41: =ABS(D41-D43) -> 23.8 | C41: =RANK(B41,$B$32:$B$47,1) -> 6 | D41: =D17 -> 14.5 | H41: =C41 -> 6
D42: =D18 -> 14.5 | H42: =H41 -> 6
D43: =D19 -> -9.3 | H43: =H42 -> 6
A44: =A20 -> Marché Phase 2 | B44: =ABS(D44-D46) -> 10 | C44: =RANK(B44,$B$32:$B$47,1) -> 5 | D44: =D21 -> 16.5 | I44: =C44 -> 5
D45: =D22 -> 14.5 | I45: =I44 -> 5
D46: =D23 -> 6.5 | I46: =I44 -> 5
A47: =A24 -> Part du marché Phase 2 | B47: =ABS(D47-D49) -> 0 | C47: =RANK(B47,$B$32:$B$47,1) -> 1 | D47: =D25 -> 14.5 | J47: =C47 -> 1
D48: =D26 -> 14.5 | J48: =J47 -> 1
D49: =D27 -> 14.5 | J49: =J48 -> 1

Sheet Arc_en_ciel1
A5: Frais de compensation environnementale
B6: min | C6: =References!D70 -> 0 | D6: nb de pas | E6: 10
B7: max | C7: =References!D71 -> 1.5 | D7: taille des pas | E7: =(C7-C6)/E6 -> 0.15
E8: =References!F72 -> Rech. + Prod. Phase 1 & 2 | F8: =References!G72 -> Rech. + Prod. Phase 2 | G8: =References!H72 -> Prod. CFC Phase 1 et 2 | H8: =References!I72 -> Prod. CFC Phase 1 | I8: =References!J72 -> Arrêter tout
C9: élevé | D9: =References!E74 -> 1.5 | E9: =References!F74 -> 7 | F9: =References!G74 -> 12 | G9: =References!H74 -> -13.4 | H9: =References!I74 -> -5 | I9: =References!J74 -> 0
D10: =References!E75 -> 1.35 | E10: =References!F75 -> 8.5 | F10: =References!G75 -> 12 | G10: =References!H75 -> -9.38 | H10: =References!I75 -> -3.5 | I10: =References!J75 -> 0
D11: =References!E76 -> 1.2 | E11: =References!F76 -> 10 | F11: =References!G76 -> 12 | G11: =References!H76 -> -5.36 | H11: =References!I76 -> -2 | I11: =References!J76 -> 0
D12: =References!E77 -> 1.05 | E12: =References!F77 -> 11.5 | F12: =References!G77 -> 12 | G12: =References!H77 -> -1.34 | H12: =References!I77 -> -0.5 | I12: =References!J77 -> 0
D13: =References!E78 -> 0.9 | E13: =References!F78 -> 13 | F13: =References!G78 -> 12 | G13: =References!H78 -> 2.68 | H13: =References!I78 -> 1 | I13: =References!J78 -> 0
D14: =References!E79 -> 0.75 | E14: =References!F79 -> 14.5 | F14: =References!G79 -> 12 | G14: =References!H79 -> 6.7 | H14: =References!I79 -> 2.5 | I14: =References!J79 -> 0
D15: =References!E80 -> 0.6 | E15: =References!F80 -> 16 | F15: =References!G80 -> 12 | G15: =References!H80 -> 10.72 | H15: =References!I80 -> 4 | I15: =References!J80 -> 0
D16: =References!E81 -> 0.45 | E16: =References!F81 -> 17.5 | F16: =References!G81 -> 12 | G16: =References!H81 -> 14.74 | H16: =References!I81 -> 5.5 | I16: =References!J81 -> 0
D17: =References!E82 -> 0.3 | E17: =References!F82 -> 19 | F17: =References!G82 -> 12 | G17: =References!H82 -> 18.76 | H17: =References!I82 -> 7 | I17: =References!J82 -> 0
D18: =References!E83 -> 0.15 | E18: =References!F83 -> 20.5 | F18: =References!G83 -> 12 | G18: =References!H83 -> 22.78 | H18: =References!I83 -> 8.5 | I18: =References!J83 -> 0
C19: bas | D19: =References!E84 -> 0 | E19: =References!F84 -> 22 | F19: =References!G84 -> 12 | G19: =References!H84 -> 26.8 | H19: =References!I84 -> 10 | I19: =References!J84 -> 0

Sheet Arc_en_ciel2
A1: Sensibilité de la décision (2 paramètres)
A2: =References!B87 -> Rech. + Prod. Phase 1 & 2 | E2: Frais de compensation environnementale
D3: Profit | E3: =References!F88 -> 1.5 | F3: =References!G88 -> 1.35 | G3: =References!H88 -> 1.2 | H3: =References!I88 -> 1.05 | I3: =References!J88 -> 0.9 | J3: =References!K88 -> 0.75 | K3: =References!L88 -> 0.6 | L3: =References!M88 -> 0.45 | ... O3: =References!P88 -> 0
C4: Part du marché Phase 2 | D4: =References!E89 -> 0 | E4: =References!F89 -> 0 | F4: =References!G89 -> 0 | G4: =References!H89 -> 0 | H4: =References!I89 -> 0 | I4: =References!J89 -> 0 | J4: =References!K89 -> 0 | K4: =References!L89 -> 0 | ... O4: =References!P89 -> 0
D5: =References!E90 -> 0.1 | E5: =References!F90 -> 0 | F5: =References!G90 -> 0 | G5: =References!H90 -> 0 | H5: =References!I90 -> 0 | I5: =References!J90 -> 0 | J5: =References!K90 -> 0 | K5: =References!L90 -> 0 | ... O5: =References!P90 -> 0
D6: =References!E91 -> 0.2 | E6: =References!F91 -> 0 | F6: =References!G91 -> 0 | G6: =References!H91 -> 0 | H6: =References!I91 -> 0 | I6: =References!J91 -> 0 | J6: =References!K91 -> 0 | K6: =References!L91 -> 0 | ... O6: =References!P91 -> 0
D7: =References!E92 -> 0.3 | E7: =References!F92 -> 0 | F7: =References!G92 -> 0 | G7: =References!H92 -> 0 | H7: =References!I92 -> 0 | I7: =References!J92 -> 0 | J7: =References!K92 -> 0 | K7: =References!L92 -> 0 | ... O7: =References!P92 -> 0
D8: =References!E93 -> 0.4 | E8: =References!F93 -> 0 | F8: =References!G93 -> 0 | G8: =References!H93 -> 0 | H8: =References!I93 -> 0 | I8: =References!J93 -> 0 | J8: =References!K93 -> 0 | K8: =References!L93 -> 0 | ... O8: =References!P93 -> 0
D9: =References!E94 -> 0.5 | E9: =References!F94 -> 0 | F9: =References!G94 -> 0 | G9: =References!H94 -> 0 | H9: =References!I94 -> 0 | I9: =References!J94 -> 0 | J9: =References!K94 -> 0 | K9: =References!L94 -> 0 | ... O9: =References!P94 -> 0
D10: =References!E95 -> 0.6 | E10: =References!F95 -> 0 | F10: =References!G95 -> 0 | G10: =References!H95 -> 0 | H10: =References!I95 -> 0 | I10: =References!J95 -> 0 | J10: =References!K95 -> 0 | K10: =References!L95 -> 0 | ... O10: =References!P95 -> 0
D11: =References!E96 -> 0.7 | E11: =References!F96 -> 0 | F11: =References!G96 -> 0 | G11: =References!H96 -> 0 | H11: =References!I96 -> 0 | I11: =References!J96 -> 0 | J11: =References!K96 -> 0 | K11: =References!L96 -> 0 | ... O11: =References!P96 -> 0
D12: =References!E97 -> 0.8 | E12: =References!F97 -> 0 | F12: =References!G97 -> 0 | G12: =References!H97 -> 0 | H12: =References!I97 -> 0 | I12: =References!J97 -> 0 | J12: =References!K97 -> 0 | K12: =References!L97 -> 0 | ... O12: =References!P97 -> 0
D13: =References!E98 -> 0.9 | E13: =References!F98 -> 0 | F13: =References!G98 -> 0 | G13: =References!H98 -> 0 | H13: =References!I98 -> 0 | I13: =References!J98 -> 0 | J13: =References!K98 -> 0 | K13: =References!L98 -> 0 | ... O13: =References!P98 -> 0
D14: =References!E99 -> 1 | E14: =References!F99 -> 0 | F14: =References!G99 -> 0 | G14: =References!H99 -> 0 | H14: =References!I99 -> 0 | I14: =References!J99 -> 0 | J14: =References!K99 -> 0 | K14: =References!L99 -> 0 | ... O14: =References!P99 -> 0
A16: =References!B101 -> Rech. + Prod. Phase 2
D17: Profit | E17: =References!F102 -> 1.5 | F17: =References!G102 -> 1.35 | G17: =References!H102 -> 1.2 | H17: =References!I102 -> 1.05 | I17: =References!J102 -> 0.9 | J17: =References!K102 -> 0.75 | K17: =References!L102 -> 0.6 | L17: =References!M102 -> 0.45 | ... O17: =References!P102 -> 0
D18: =References!E103 -> 0 | E18: =References!F103 -> 12 | F18: =References!G103 -> 12 | G18: =References!H103 -> 12 | H18: =References!I103 -> 12 | I18: =References!J103 -> 12 | J18: =References!K103 -> 12 | K18: =References!L103 -> 12 | ... O18: =References!P103 -> 12
D19: =References!E104 -> 0.1 | E19: =References!F104 -> 12 | F19: =References!G104 -> 12 | G19: =References!H104 -> 12 | H19: =References!I104 -> 12 | I19: =References!J104 -> 12 | J19: =References!K104 -> 12 | K19: =References!L104 -> 12 | ... O19: =References!P104 -> 12
D20: =References!E105 -> 0.2 | E20: =References!F105 -> 12 | F20: =References!G105 -> 12 | G20: =References!H105 -> 12 | H20: =References!I105 -> 12 | I20: =References!J105 -> 12 | J20: =References!K105 -> 12 | K20: =References!L105 -> 12 | ... O20: =References!P105 -> 12
D21: =References!E106 -> 0.3 | E21: =References!F106 -> 12 | F21: =References!G106 -> 12 | G21: =References!H106 -> 12 | H21: =References!I106 -> 12 | I21: =References!J106 -> 12 | J21: =References!K106 -> 12 | K21: =References!L106 -> 12 | ... O21: =References!P106 -> 12
D22: =References!E107 -> 0.4 | E22: =References!F107 -> 12 | F22: =References!G107 -> 12 | G22: =References!H107 -> 12 | H22: =References!I107 -> 12 | I22: =References!J107 -> 12 | J22: =References!K107 -> 12 | K22: =References!L107 -> 12 | ... O22: =References!P107 -> 12
D23: =References!E108 -> 0.5 | E23: =References!F108 -> 12 | F23: =References!G108 -> 12 | G23: =References!H108 -> 12 | H23: =References!I108 -> 12 | I23: =References!J108 -> 12 | J23: =References!K108 -> 12 | K23: =References!L108 -> 12 | ... O23: =References!P108 -> 12
D24: =References!E109 -> 0.6 | E24: =References!F109 -> 12 | F24: =References!G109 -> 12 | G24: =References!H109 -> 12 | H24: =References!I109 -> 12 | I24: =References!J109 -> 12 | J24: =References!K109 -> 12 | K24: =References!L109 -> 12 | ... O24: =References!P109 -> 12
D25: =References!E110 -> 0.7 | E25: =References!F110 -> 12 | F25: =References!G110 -> 12 | G25: =References!H110 -> 12 | H25: =References!I110 -> 12 | I25: =References!J110 -> 12 | J25: =References!K110 -> 12 | K25: =References!L110 -> 12 | ... O25: =References!P110 -> 12
D26: =References!E111 -> 0.8 | E26: =References!F111 -> 12 | F26: =References!G111 -> 12 | G26: =References!H111 -> 12 | H26: =References!I111 -> 12 | I26: =References!J111 -> 12 | J26: =References!K111 -> 12 | K26: =References!L111 -> 12 | ... O26: =References!P111 -> 12
D27: =References!E112 -> 0.9 | E27: =References!F112 -> 12 | F27: =References!G112 -> 12 | G27: =References!H112 -> 12 | H27: =References!I112 -> 12 | I27: =References!J112 -> 12 | J27: =References!K112 -> 12 | K27: =References!L112 -> 12 | ... O27: =References!P112 -> 12
D28: =References!E113 -> 1 | E28: =References!F113 -> 12 | F28: =References!G113 -> 12 | G28: =References!H113 -> 12 | H28: =References!I113 -> 12 | I28: =References!J113 -> 12 | J28: =References!K113 -> 12 | K28: =References!L113 -> 12 | ... O28: =References!P113 -> 12
A30: =References!B115 -> Prod. CFC Phase 1 et 2
D31: Profit | E31: =References!F116 -> 1.5 | F31: =References!G116 -> 1.35 | G31: =References!H116 -> 1.2 | H31: =References!I116 -> 1.05 | I31: =References!J116 -> 0.9 | J31: =References!K116 -> 0.75 | K31: =References!L116 -> 0.6 | L31: =References!M116 -> 0.45 | ... O31: =References!P116 -> 0
D32: =References!E117 -> 0 | E32: =References!F117 -> -5 | F32: =References!G117 -> -3.5 | G32: =References!H117 -> -2 | H32: =References!I117 -> -0.5 | I32: =References!J117 -> 1 | J32: =References!K117 -> 2.5 | K32: =References!L117 -> 4 | ... O32: =References!P117 -> 10
D33: =References!E118 -> 0.1 | E33: =References!F118 -> -6.4 | F33: =References!G118 -> -4.48 | G33: =References!H118 -> -2.56 | H33: =References!I118 -> -0.64 | I33: =References!J118 -> 1.28 | J33: =References!K118 -> 3.2 | K33: =References!L118 -> 5.12 | ... O33: =References!P118 -> 12.8
D34: =References!E119 -> 0.2 | E34: =References!F119 -> -7.8 | F34: =References!G119 -> -5.46 | G34: =References!H119 -> -3.12 | H34: =References!I119 -> -0.78 | I34: =References!J119 -> 1.56 | J34: =References!K119 -> 3.9 | K34: =References!L119 -> 6.24 | ... O34: =References!P119 -> 15.6
D35: =References!E120 -> 0.3 | E35: =References!F120 -> -9.2 | F35: =References!G120 -> -6.44 | G35: =References!H120 -> -3.68 | H35: =References!I120 -> -0.92 | I35: =References!J120 -> 1.84 | J35: =References!K120 -> 4.6 | K35: =References!L120 -> 7.36 | ... O35: =References!P120 -> 18.4
D36: =References!E121 -> 0.4 | E36: =References!F121 -> -10.6 | F36: =References!G121 -> -7.42 | G36: =References!H121 -> -4.24 | H36: =References!I121 -> -1.06 | I36: =References!J121 -> 2.12 | J36: =References!K121 -> 5.3 | K36: =References!L121 -> 8.48 | ... O36: =References!P121 -> 21.2
D37: =References!E122 -> 0.5 | E37: =References!F122 -> -12 | F37: =References!G122 -> -8.4 | G37: =References!H122 -> -4.8 | H37: =References!I122 -> -1.2 | I37: =References!J122 -> 2.4 | J37: =References!K122 -> 6 | K37: =References!L122 -> 9.6 | ... O37: =References!P122 -> 24
D38: =References!E123 -> 0.6 | E38: =References!F123 -> -13.4 | F38: =References!G123 -> -9.38 | G38: =References!H123 -> -5.36 | H38: =References!I123 -> -1.34 | I38: =References!J123 -> 2.68 | J38: =References!K123 -> 6.7 | K38: =References!L123 -> 10.72 | ... O38: =References!P123 -> 26.8
D39: =References!E124 -> 0.7 | E39: =References!F124 -> -14.8 | F39: =References!G124 -> -10.36 | G39: =References!H124 -> -5.92 | H39: =References!I124 -> -1.48 | I39: =References!J124 -> 2.96 | J39: =References!K124 -> 7.4 | K39: =References!L124 -> 11.84 | ... O39: =References!P124 -> 29.6
D40: =References!E125 -> 0.8 | E40: =References!F125 -> -16.2 | F40: =References!G125 -> -11.34 | G40: =References!H125 -> -6.48 | H40: =References!I125 -> -1.62 | I40: =References!J125 -> 3.24 | J40: =References!K125 -> 8.1 | K40: =References!L125 -> 12.96 | ... O40: =References!P125 -> 32.4
D41: =References!E126 -> 0.9 | E41: =References!F126 -> -17.6 | F41: =References!G126 -> -12.32 | G41: =References!H126 -> -7.04 | H41: =References!I126 -> -1.76 | I41: =References!J126 -> 3.52 | J41: =References!K126 -> 8.8 | K41: =References!L126 -> 14.08 | ... O41: =References!P126 -> 35.2
D42: =References!E127 -> 1 | E42: =References!F127 -> -19 | F42: =References!G127 -> -13.3 | G42: =References!H127 -> -7.6 | H42: =References!I127 -> -1.9 | I42: =References!J127 -> 3.8 | J42: =References!K127 -> 9.5 | K42: =References!L127 -> 15.2 | ... O42: =References!P127 -> 38
A44: =References!B129 -> Prod. CFC Phase 1
D45: Profit | E45: =References!F130 -> 1.5 | F45: =References!G130 -> 1.35 | G45: =References!H130 -> 1.2 | H45: =References!I130 -> 1.05 | I45: =References!J130 -> 0.9 | J45: =References!K130 -> 0.75 | K45: =References!L130 -> 0.6 | L45: =References!M130 -> 0.45 | ... O45: =References!P130 -> 0
D46: =References!E131 -> 0 | E46: =References!F131 -> -5 | F46: =References!G131 -> -3.5 | G46: =References!H131 -> -2 | H46: =References!I131 -> -0.5 | I46: =References!J131 -> 1 | J46: =References!K131 -> 2.5 | K46: =References!L131 -> 4 | ... O46: =References!P131 -> 10
D47: =References!E132 -> 0.1 | E47: =References!F132 -> -5 | F47: =References!G132 -> -3.5 | G47: =References!H132 -> -2 | H47: =References!I132 -> -0.5 | I47: =References!J132 -> 1 | J47: =References!K132 -> 2.5 | K47: =References!L132 -> 4 | ... O47: =References!P132 -> 10
D48: =References!E133 -> 0.2 | E48: =References!F133 -> -5 | F48: =References!G133 -> -3.5 | G48: =References!H133 -> -2 | H48: =References!I133 -> -0.5 | I48: =References!J133 -> 1 | J48: =References!K133 -> 2.5 | K48: =References!L133 -> 4 | ... O48: =References!P133 -> 10
D49: =References!E134 -> 0.3 | E49: =References!F134 -> -5 | F49: =References!G134 -> -3.5 | G49: =References!H134 -> -2 | H49: =References!I134 -> -0.5 | I49: =References!J134 -> 1 | J49: =References!K134 -> 2.5 | K49: =References!L134 -> 4 | ... O49: =References!P134 -> 10
D50: =References!E135 -> 0.4 | E50: =References!F135 -> -5 | F50: =References!G135 -> -3.5 | G50: =References!H135 -> -2 | H50: =References!I135 -> -0.5 | I50: =References!J135 -> 1 | J50: =References!K135 -> 2.5 | K50: =References!L135 -> 4 | ... O50: =References!P135 -> 10
D51: =References!E136 -> 0.5 | E51: =References!F136 -> -5 | F51: =References!G136 -> -3.5 | G51: =References!H136 -> -2 | H51: =References!I136 -> -0.5 | I51: =References!J136 -> 1 | J51: =References!K136 -> 2.5 | K51: =References!L136 -> 4 | ... O51: =References!P136 -> 10
D52: =References!E137 -> 0.6 | E52: =References!F137 -> -5 | F52: =References!G137 -> -3.5 | G52: =References!H137 -> -2 | H52: =References!I137 -> -0.5 | I52: =References!J137 -> 1 | J52: =References!K137 -> 2.5 | K52: =References!L137 -> 4 | ... O52: =References!P137 -> 10
D53: =References!E138 -> 0.7 | E53: =References!F138 -> -5 | F53: =References!G138 -> -3.5 | G53: =References!H138 -> -2 | H53: =References!I138 -> -0.5 | I53: =References!J138 -> 1 | J53: =References!K138 -> 2.5 | K53: =References!L138 -> 4 | ... O53: =References!P138 -> 10
D54: =References!E139 -> 0.8 | E54: =References!F139 -> -5 | F54: =References!G139 -> -3.5 | G54: =References!H139 -> -2 | H54: =References!I139 -> -0.5 | I54: =References!J139 -> 1 | J54: =References!K139 -> 2.5 | K54: =References!L139 -> 4 | ... O54: =References!P139 -> 10
D55: =References!E140 -> 0.9 | E55: =References!F140 -> -5 | F55: =References!G140 -> -3.5 | G55: =References!H140 -> -2 | H55: =References!I140 -> -0.5 | I55: =References!J140 -> 1 | J55: =References!K140 -> 2.5 | K55: =References!L140 -> 4 | ... O55: =References!P140 -> 10
D56: =References!E141 -> 1 | E56: =References!F141 -> -5 | F56: =References!G141 -> -3.5 | G56: =References!H141 -> -2 | H56: =References!I141 -> -0.5 | I56: =References!J141 -> 1 | J56: =References!K141 -> 2.5 | K56: =References!L141 -> 4 | ... O56: =References!P141 -> 10
A58: =References!B143 -> Arrêter tout
D59: Profit | E59: =References!F144 -> 1.5 | F59: =References!G144 -> 1.35 | G59: =References!H144 -> 1.2 | H59: =References!I144 -> 1.05 | I59: =References!J144 -> 0.9 | J59: =References!K144 -> 0.75 | K59: =References!L144 -> 0.6 | L59: =References!M144 -> 0.45 | ... O59: =References!P144 -> 0
D60: =References!E145 -> 0 | E60: =References!F145 -> 0 | F60: =References!G145 -> 0 | G60: =References!H145 -> 0 | H60: =References!I145 -> 0 | I60: =References!J145 -> 0 | J60: =References!K145 -> 0 | K60: =References!L145 -> 0 | ... O60: =References!P145 -> 0
D61: =References!E146 -> 0.1 | E61: =References!F146 -> 0 | F61: =References!G146 -> 0 | G61: =References!H146 -> 0 | H61: =References!I146 -> 0 | I61: =References!J146 -> 0 | J61: =References!K146 -> 0 | K61: =References!L146 -> 0 | ... O61: =References!P146 -> 0
D62: =References!E147 -> 0.2 | E62: =References!F147 -> 0 | F62: =References!G147 -> 0 | G62: =References!H147 -> 0 | H62: =References!I147 -> 0 | I62: =References!J147 -> 0 | J62: =References!K147 -> 0 | K62: =References!L147 -> 0 | ... O62: =References!P147 -> 0
D63: =References!E148 -> 0.3 | E63: =References!F148 -> 0 | F63: =References!G148 -> 0 | G63: =References!H148 -> 0 | H63: =References!I148 -> 0 | I63: =References!J148 -> 0 | J63: =References!K148 -> 0 | K63: =References!L148 -> 0 | ... O63: =References!P148 -> 0
D64: =References!E149 -> 0.4 | E64: =References!F149 -> 0 | F64: =References!G149 -> 0 | G64: =References!H149 -> 0 | H64: =References!I149 -> 0 | I64: =References!J149 -> 0 | J64: =References!K149 -> 0 | K64: =References!L149 -> 0 | ... O64: =References!P149 -> 0
D65: =References!E150 -> 0.5 | E65: =References!F150 -> 0 | F65: =References!G150 -> 0 | G65: =References!H150 -> 0 | H65: =References!I150 -> 0 | I65: =References!J150 -> 0 | J65: =References!K150 -> 0 | K65: =References!L150 -> 0 | ... O65: =References!P150 -> 0
D66: =References!E151 -> 0.6 | E66: =References!F151 -> 0 | F66: =References!G151 -> 0 | G66: =References!H151 -> 0 | H66: =References!I151 -> 0 | I66: =References!J151 -> 0 | J66: =References!K151 -> 0 | K66: =References!L151 -> 0 | ... O66: =References!P151 -> 0
D67: =References!E152 -> 0.7 | E67: =References!F152 -> 0 | F67: =References!G152 -> 0 | G67: =References!H152 -> 0 | H67: =References!I152 -> 0 | I67: =References!J152 -> 0 | J67: =References!K152 -> 0 | K67: =References!L152 -> 0 | ... O67: =References!P152 -> 0
D68: =References!E153 -> 0.8 | E68: =References!F153 -> 0 | F68: =References!G153 -> 0 | G68: =References!H153 -> 0 | H68: =References!I153 -> 0 | I68: =References!J153 -> 0 | J68: =References!K153 -> 0 | K68: =References!L153 -> 0 | ... O68: =References!P153 -> 0
D69: =References!E154 -> 0.9 | E69: =References!F154 -> 0 | F69: =References!G154 -> 0 | G69: =References!H154 -> 0 | H69: =References!I154 -> 0 | I69: =References!J154 -> 0 | J69: =References!K154 -> 0 | K69: =References!L154 -> 0 | ... O69: =References!P154 -> 0
D70: =References!E155 -> 1 | E70: =References!F155 -> 0 | F70: =References!G155 -> 0 | G70: =References!H155 -> 0 | H70: =References!I155 -> 0 | I70: =References!J155 -> 0 | J70: =References!K155 -> 0 | K70: =References!L155 -> 0 | ... O70: =References!P155 -> 0
A72: Maximum
D73: Profit | E73: =E59 -> 1.5 | F73: =F59 -> 1.35 | G73: =G59 -> 1.2 | H73: =H59 -> 1.05 | I73: =I59 -> 0.9 | J73: =J59 -> 0.75 | K73: =K59 -> 0.6 | L73: =L59 -> 0.45 | ... O73: =O59 -> 0
D74: =D60 -> 0 | E74: =MAX(E60,E46,E32,E18,E4) -> 12 | F74: =MAX(F60,F46,F32,F18,F4) -> 12 | G74: =MAX(G60,G46,G32,G18,G4) -> 12 | H74: =MAX(H60,H46,H32,H18,H4) -> 12 | I74: =MAX(I60,I46,I32,I18,I4) -> 12 | J74: =MAX(J60,J46,J32,J18,J4) -> 12 | K74: =MAX(K60,K46,K32,K18,K4) -> 12 | L74: =MAX(L60,L46,L32,L18,L4) -> 12 | ... O74: =MAX(O60,O46,O32,O18,O4) -> 12
D75: =D61 -> 0.1 | E75: =MAX(E61,E47,E33,E19,E5) -> 12 | F75: =MAX(F61,F47,F33,F19,F5) -> 12 | G75: =MAX(G61,G47,G33,G19,G5) -> 12 | H75: =MAX(H61,H47,H33,H19,H5) -> 12 | I75: =MAX(I61,I47,I33,I19,I5) -> 12 | J75: =MAX(J61,J47,J33,J19,J5) -> 12 | K75: =MAX(K61,K47,K33,K19,K5) -> 12 | L75: =MAX(L61,L47,L33,L19,L5) -> 12 | ... O75: =MAX(O61,O47,O33,O19,O5) -> 12.8
D76: =D62 -> 0.2 | E76: =MAX(E62,E48,E34,E20,E6) -> 12 | F76: =MAX(F62,F48,F34,F20,F6) -> 12 | G76: =MAX(G62,G48,G34,G20,G6) -> 12 | H76: =MAX(H62,H48,H34,H20,H6) -> 12 | I76: =MAX(I62,I48,I34,I20,I6) -> 12 | J76: =MAX(J62,J48,J34,J20,J6) -> 12 | K76: =MAX(K62,K48,K34,K20,K6) -> 12 | L76: =MAX(L62,L48,L34,L20,L6) -> 12 | ... O76: =MAX(O62,O48,O34,O20,O6) -> 15.6
D77: =D63 -> 0.3 | E77: =MAX(E63,E49,E35,E21,E7) -> 12 | F77: =MAX(F63,F49,F35,F21,F7) -> 12 | G77: =MAX(G63,G49,G35,G21,G7) -> 12 | H77: =MAX(H63,H49,H35,H21,H7) -> 12 | I77: =MAX(I63,I49,I35,I21,I7) -> 12 | J77: =MAX(J63,J49,J35,J21,J7) -> 12 | K77: =MAX(K63,K49,K35,K21,K7) -> 12 | L77: =MAX(L63,L49,L35,L21,L7) -> 12 | ... O77: =MAX(O63,O49,O35,O21,O7) -> 18.4
D78: =D64 -> 0.4 | E78: =MAX(E64,E50,E36,E22,E8) -> 12 | F78: =MAX(F64,F50,F36,F22,F8) -> 12 | G78: =MAX(G64,G50,G36,G22,G8) -> 12 | H78: =MAX(H64,H50,H36,H22,H8) -> 12 | I78: =MAX(I64,I50,I36,I22,I8) -> 12 | J78: =MAX(J64,J50,J36,J22,J8) -> 12 | K78: =MAX(K64,K50,K36,K22,K8) -> 12 | L78: =MAX(L64,L50,L36,L22,L8) -> 12 | ... O78: =MAX(O64,O50,O36,O22,O8) -> 21.2
D79: =D65 -> 0.5 | E79: =MAX(E65,E51,E37,E23,E9) -> 12 | F79: =MAX(F65,F51,F37,F23,F9) -> 12 | G79: =MAX(G65,G51,G37,G23,G9) -> 12 | H79: =MAX(H65,H51,H37,H23,H9) -> 12 | I79: =MAX(I65,I51,I37,I23,I9) -> 12 | J79: =MAX(J65,J51,J37,J23,J9) -> 12 | K79: =MAX(K65,K51,K37,K23,K9) -> 12 | L79: =MAX(L65,L51,L37,L23,L9) -> 13.2 | ... O79: =MAX(O65,O51,O37,O23,O9) -> 24
D80: =D66 -> 0.6 | E80: =MAX(E66,E52,E38,E24,E10) -> 12 | F80: =MAX(F66,F52,F38,F24,F10) -> 12 | G80: =MAX(G66,G52,G38,G24,G10) -> 12 | H80: =MAX(H66,H52,H38,H24,H10) -> 12 | I80: =MAX(I66,I52,I38,I24,I10) -> 12 | J80: =MAX(J66,J52,J38,J24,J10) -> 12 | K80: =MAX(K66,K52,K38,K24,K10) -> 12 | L80: =MAX(L66,L52,L38,L24,L10) -> 14.74 | ... O80: =MAX(O66,O52,O38,O24,O10) -> 26.8
D81: =D67 -> 0.7 | E81: =MAX(E67,E53,E39,E25,E11) -> 12 | F81: =MAX(F67,F53,F39,F25,F11) -> 12 | G81: =MAX(G67,G53,G39,G25,G11) -> 12 | H81: =MAX(H67,H53,H39,H25,H11) -> 12 | I81: =MAX(I67,I53,I39,I25,I11) -> 12 | J81: =MAX(J67,J53,J39,J25,J11) -> 12 | K81: =MAX(K67,K53,K39,K25,K11) -> 12 | L81: =MAX(L67,L53,L39,L25,L11) -> 16.28 | ... O81: =MAX(O67,O53,O39,O25,O11) -> 29.6
D82: =D68 -> 0.8 | E82: =MAX(E68,E54,E40,E26,E12) -> 12 | F82: =MAX(F68,F54,F40,F26,F12) -> 12 | G82: =MAX(G68,G54,G40,G26,G12) -> 12 | H82: =MAX(H68,H54,H40,H26,H12) -> 12 | I82: =MAX(I68,I54,I40,I26,I12) -> 12 | J82: =MAX(J68,J54,J40,J26,J12) -> 12 | K82: =MAX(K68,K54,K40,K26,K12) -> 12.96 | L82: =MAX(L68,L54,L40,L26,L12) -> 17.82 | ... O82: =MAX(O68,O54,O40,O26,O12) -> 32.4
D83: =D69 -> 0.9 | E83: =MAX(E69,E55,E41,E27,E13) -> 12 | F83: =MAX(F69,F55,F41,F27,F13) -> 12 | G83: =MAX(G69,G55,G41,G27,G13) -> 12 | H83: =MAX(H69,H55,H41,H27,H13) -> 12 | I83: =MAX(I69,I55,I41,I27,I13) -> 12 | J83: =MAX(J69,J55,J41,J27,J13) -> 12 | K83: =MAX(K69,K55,K41,K27,K13) -> 14.08 | L83: =MAX(L69,L55,L41,L27,L13) -> 19.36 | ... O83: =MAX(O69,O55,O41,O27,O13) -> 35.2
D84: =D70 -> 1 | E84: =MAX(E70,E56,E42,E28,E14) -> 12 | F84: =MAX(F70,F56,F42,F28,F14) -> 12 | G84: =MAX(G70,G56,G42,G28,G14) -> 12 | H84: =MAX(H70,H56,H42,H28,H14) -> 12 | I84: =MAX(I70,I56,I42,I28,I14) -> 12 | J84: =MAX(J70,J56,J42,J28,J14) -> 12 | K84: =MAX(K70,K56,K42,K28,K14) -> 15.2 | L84: =MAX(L70,L56,L42,L28,L14) -> 20.9 | ... O84: =MAX(O70,O56,O42,O28,O14) -> 38
D88: Décision | E88: =E3 -> 1.5 | F88: =F3 -> 1.35 | G88: =G3 -> 1.2 | H88: =H3 -> 1.05 | I88: =I3 -> 0.9 | J88: =J3 -> 0.75 | K88: =K3 -> 0.6 | L88: =L3 -> 0.45 | ... O88: =O3 -> 0
D89: =D4 -> 0 | E89: =IF(E4>=E74,1,IF(E18>=E74,2,IF(E32>=E74,3,IF(E46>=E74,4,5)))) -> 2 | F89: =IF(F4>=F74,1,IF(F18>=F74,2,IF(F32>=F74,3,IF(F46>=F74,4,5)))) -> 2 | G89: =IF(G4>=G74,1,IF(G18>=G74,2,IF(G32>=G74,3,IF(G46>=G74,4,5)))) -> 2 | H89: =IF(H4>=H74,1,IF(H18>=H74,2,IF(H32>=H74,3,IF(H46>=H74,4,5)))) -> 2 | I89: =IF(I4>=I74,1,IF(I18>=I74,2,IF(I32>=I74,3,IF(I46>=I74,4,5)))) -> 2 | J89: =IF(J4>=J74,1,IF(J18>=J74,2,IF(J32>=J74,3,IF(J46>=J74,4,5)))) -> 2 | K89: =IF(K4>=K74,1,IF(K18>=K74,2,IF(K32>=K74,3,IF(K46>=K74,4,5)))) -> 2 | L89: =IF(L4>=L74,1,IF(L18>=L74,2,IF(L32>=L74,3,IF(L46>=L74,4,5)))) -> 2 | ... O89: =IF(O4>=O74,1,IF(O18>=O74,2,IF(O32>=O74,3,IF(O46>=O74,4,5)))) -> 2
D90: =D5 -> 0.1 | E90: =IF(E5>=E75,1,IF(E19>=E75,2,IF(E33>=E75,3,IF(E47>=E75,4,5)))) -> 2 | F90: =IF(F5>=F75,1,IF(F19>=F75,2,IF(F33>=F75,3,IF(F47>=F75,4,5)))) -> 2 | G90: =IF(G5>=G75,1,IF(G19>=G75,2,IF(G33>=G75,3,IF(G47>=G75,4,5)))) -> 2 | H90: =IF(H5>=H75,1,IF(H19>=H75,2,IF(H33>=H75,3,IF(H47>=H75,4,5)))) -> 2 | I90: =IF(I5>=I75,1,IF(I19>=I75,2,IF(I33>=I75,3,IF(I47>=I75,4,5)))) -> 2 | J90: =IF(J5>=J75,1,IF(J19>=J75,2,IF(J33>=J75,3,IF(J47>=J75,4,5)))) -> 2 | K90: =IF(K5>=K75,1,IF(K19>=K75,2,IF(K33>=K75,3,IF(K47>=K75,4,5)))) -> 2 | L90: =IF(L5>=L75,1,IF(L19>=L75,2,IF(L33>=L75,3,IF(L47>=L75,4,5)))) -> 2 | ... O90: =IF(O5>=O75,1,IF(O19>=O75,2,IF(O33>=O75,3,IF(O47>=O75,4,5)))) -> 3
D91: =D6 -> 0.2 | E91: =IF(E6>=E76,1,IF(E20>=E76,2,IF(E34>=E76,3,IF(E48>=E76,4,5)))) -> 2 | F91: =IF(F6>=F76,1,IF(F20>=F76,2,IF(F34>=F76,3,IF(F48>=F76,4,5)))) -> 2 | G91: =IF(G6>=G76,1,IF(G20>=G76,2,IF(G34>=G76,3,IF(G48>=G76,4,5)))) -> 2 | H91: =IF(H6>=H76,1,IF(H20>=H76,2,IF(H34>=H76,3,IF(H48>=H76,4,5)))) -> 2 | I91: =IF(I6>=I76,1,IF(I20>=I76,2,IF(I34>=I76,3,IF(I48>=I76,4,5)))) -> 2 | J91: =IF(J6>=J76,1,IF(J20>=J76,2,IF(J34>=J76,3,IF(J48>=J76,4,5)))) -> 2 | K91: =IF(K6>=K76,1,IF(K20>=K76,2,IF(K34>=K76,3,IF(K48>=K76,4,5)))) -> 2 | L91: =IF(L6>=L76,1,IF(L20>=L76,2,IF(L34>=L76,3,IF(L48>=L76,4,5)))) -> 2 | ... O91: =IF(O6>=O76,1,IF(O20>=O76,2,IF(O34>=O76,3,IF(O48>=O76,4,5)))) -> 3
D92: =D7 -> 0.3 | E92: =IF(E7>=E77,1,IF(E21>=E77,2,IF(E35>=E77,3,IF(E49>=E77,4,5)))) -> 2 | F92: =IF(F7>=F77,1,IF(F21>=F77,2,IF(F35>=F77,3,IF(F49>=F77,4,5)))) -> 2 | G92: =IF(G7>=G77,1,IF(G21>=G77,2,IF(G35>=G77,3,IF(G49>=G77,4,5)))) -> 2 | H92: =IF(H7>=H77,1,IF(H21>=H77,2,IF(H35>=H77,3,IF(H49>=H77,4,5)))) -> 2 | I92: =IF(I7>=I77,1,IF(I21>=I77,2,IF(I35>=I77,3,IF(I49>=I77,4,5)))) -> 2 | J92: =IF(J7>=J77,1,IF(J21>=J77,2,IF(J35>=J77,3,IF(J49>=J77,4,5)))) -> 2 | K92: =IF(K7>=K77,1,IF(K21>=K77,2,IF(K35>=K77,3,IF(K49>=K77,4,5)))) -> 2 | L92: =IF(L7>=L77,1,IF(L21>=L77,2,IF(L35>=L77,3,IF(L49>=L77,4,5)))) -> 2 | ... O92: =IF(O7>=O77,1,IF(O21>=O77,2,IF(O35>=O77,3,IF(O49>=O77,4,5)))) -> 3
D93: =D8 -> 0.4 | E93: =IF(E8>=E78,1,IF(E22>=E78,2,IF(E36>=E78,3,IF(E50>=E78,4,5)))) -> 2 | F93: =IF(F8>=F78,1,IF(F22>=F78,2,IF(F36>=F78,3,IF(F50>=F78,4,5)))) -> 2 | G93: =IF(G8>=G78,1,IF(G22>=G78,2,IF(G36>=G78,3,IF(G50>=G78,4,5)))) -> 2 | H93: =IF(H8>=H78,1,IF(H22>=H78,2,IF(H36>=H78,3,IF(H50>=H78,4,5)))) -> 2 | I93: =IF(I8>=I78,1,IF(I22>=I78,2,IF(I36>=I78,3,IF(I50>=I78,4,5)))) -> 2 | J93: =IF(J8>=J78,1,IF(J22>=J78,2,IF(J36>=J78,3,IF(J50>=J78,4,5)))) -> 2 | K93: =IF(K8>=K78,1,IF(K22>=K78,2,IF(K36>=K78,3,IF(K50>=K78,4,5)))) -> 2 | L93: =IF(L8>=L78,1,IF(L22>=L78,2,IF(L36>=L78,3,IF(L50>=L78,4,5)))) -> 2 | ... O93: =IF(O8>=O78,1,IF(O22>=O78,2,IF(O36>=O78,3,IF(O50>=O78,4,5)))) -> 3
D94: =D9 -> 0.5 | E94: =IF(E9>=E79,1,IF(E23>=E79,2,IF(E37>=E79,3,IF(E51>=E79,4,5)))) -> 2 | F94: =IF(F9>=F79,1,IF(F23>=F79,2,IF(F37>=F79,3,IF(F51>=F79,4,5)))) -> 2 | G94: =IF(G9>=G79,1,IF(G23>=G79,2,IF(G37>=G79,3,IF(G51>=G79,4,5)))) -> 2 | H94: =IF(H9>=H79,1,IF(H23>=H79,2,IF(H37>=H79,3,IF(H51>=H79,4,5)))) -> 2 | I94: =IF(I9>=I79,1,IF(I23>=I79,2,IF(I37>=I79,3,IF(I51>=I79,4,5)))) -> 2 | J94: =IF(J9>=J79,1,IF(J23>=J79,2,IF(J37>=J79,3,IF(J51>=J79,4,5)))) -> 2 | K94: =IF(K9>=K79,1,IF(K23>=K79,2,IF(K37>=K79,3,IF(K51>=K79,4,5)))) -> 2 | L94: =IF(L9>=L79,1,IF(L23>=L79,2,IF(L37>=L79,3,IF(L51>=L79,4,5)))) -> 3 | ... O94: =IF(O9>=O79,1,IF(O23>=O79,2,IF(O37>=O79,3,IF(O51>=O79,4,5)))) -> 3
D95: =D10 -> 0.6 | E95: =IF(E10>=E80,1,IF(E24>=E80,2,IF(E38>=E80,3,IF(E52>=E80,4,5)))) -> 2 | F95: =IF(F10>=F80,1,IF(F24>=F80,2,IF(F38>=F80,3,IF(F52>=F80,4,5)))) -> 2 | G95: =IF(G10>=G80,1,IF(G24>=G80,2,IF(G38>=G80,3,IF(G52>=G80,4,5)))) -> 2 | H95: =IF(H10>=H80,1,IF(H24>=H80,2,IF(H38>=H80,3,IF(H52>=H80,4,5)))) -> 2 | I95: =IF(I10>=I80,1,IF(I24>=I80,2,IF(I38>=I80,3,IF(I52>=I80,4,5)))) -> 2 | J95: =IF(J10>=J80,1,IF(J24>=J80,2,IF(J38>=J80,3,IF(J52>=J80,4,5)))) -> 2 | K95: =IF(K10>=K80,1,IF(K24>=K80,2,IF(K38>=K80,3,IF(K52>=K80,4,5)))) -> 2 | L95: =IF(L10>=L80,1,IF(L24>=L80,2,IF(L38>=L80,3,IF(L52>=L80,4,5)))) -> 3 | ... O95: =IF(O10>=O80,1,IF(O24>=O80,2,IF(O38>=O80,3,IF(O52>=O80,4,5)))) -> 3
D96: =D11 -> 0.7 | E96: =IF(E11>=E81,1,IF(E25>=E81,2,IF(E39>=E81,3,IF(E53>=E81,4,5)))) -> 2 | F96: =IF(F11>=F81,1,IF(F25>=F81,2,IF(F39>=F81,3,IF(F53>=F81,4,5)))) -> 2 | G96: =IF(G11>=G81,1,IF(G25>=G81,2,IF(G39>=G81,3,IF(G53>=G81,4,5)))) -> 2 | H96: =IF(H11>=H81,1,IF(H25>=H81,2,IF(H39>=H81,3,IF(H53>=H81,4,5)))) -> 2 | I96: =IF(I11>=I81,1,IF(I25>=I81,2,IF(I39>=I81,3,IF(I53>=I81,4,5)))) -> 2 | J96: =IF(J11>=J81,1,IF(J25>=J81,2,IF(J39>=J81,3,IF(J53>=J81,4,5)))) -> 2 | K96: =IF(K11>=K81,1,IF(K25>=K81,2,IF(K39>=K81,3,IF(K53>=K81,4,5)))) -> 2 | L96: =IF(L11>=L81,1,IF(L25>=L81,2,IF(L39>=L81,3,IF(L53>=L81,4,5)))) -> 3 | ... O96: =IF(O11>=O81,1,IF(O25>=O81,2,IF(O39>=O81,3,IF(O53>=O81,4,5)))) -> 3
D97: =D12 -> 0.8 | E97: =IF(E12>=E82,1,IF(E26>=E82,2,IF(E40>=E82,3,IF(E54>=E82,4,5)))) -> 2 | F97: =IF(F12>=F82,1,IF(F26>=F82,2,IF(F40>=F82,3,IF(F54>=F82,4,5)))) -> 2 | G97: =IF(G12>=G82,1,IF(G26>=G82,2,IF(G40>=G82,3,IF(G54>=G82,4,5)))) -> 2 | H97: =IF(H12>=H82,1,IF(H26>=H82,2,IF(H40>=H82,3,IF(H54>=H82,4,5)))) -> 2 | I97: =IF(I12>=I82,1,IF(I26>=I82,2,IF(I40>=I82,3,IF(I54>=I82,4,5)))) -> 2 | J97: =IF(J12>=J82,1,IF(J26>=J82,2,IF(J40>=J82,3,IF(J54>=J82,4,5)))) -> 2 | K97: =IF(K12>=K82,1,IF(K26>=K82,2,IF(K40>=K82,3,IF(K54>=K82,4,5)))) -> 3 | L97: =IF(L12>=L82,1,IF(L26>=L82,2,IF(L40>=L82,3,IF(L54>=L82,4,5)))) -> 3 | ... O97: =IF(O12>=O82,1,IF(O26>=O82,2,IF(O40>=O82,3,IF(O54>=O82,4,5)))) -> 3
D98: =D13 -> 0.9 | E98: =IF(E13>=E83,1,IF(E27>=E83,2,IF(E41>=E83,3,IF(E55>=E83,4,5)))) -> 2 | F98: =IF(F13>=F83,1,IF(F27>=F83,2,IF(F41>=F83,3,IF(F55>=F83,4,5)))) -> 2 | G98: =IF(G13>=G83,1,IF(G27>=G83,2,IF(G41>=G83,3,IF(G55>=G83,4,5)))) -> 2 | H98: =IF(H13>=H83,1,IF(H27>=H83,2,IF(H41>=H83,3,IF(H55>=H83,4,5)))) -> 2 | I98: =IF(I13>=I83,1,IF(I27>=I83,2,IF(I41>=I83,3,IF(I55>=I83,4,5)))) -> 2 | J98: =IF(J13>=J83,1,IF(J27>=J83,2,IF(J41>=J83,3,IF(J55>=J83,4,5)))) -> 2 | K98: =IF(K13>=K83,1,IF(K27>=K83,2,IF(K41>=K83,3,IF(K55>=K83,4,5)))) -> 3 | L98: =IF(L13>=L83,1,IF(L27>=L83,2,IF(L41>=L83,3,IF(L55>=L83,4,5)))) -> 3 | ... O98: =IF(O13>=O83,1,IF(O27>=O83,2,IF(O41>=O83,3,IF(O55>=O83,4,5)))) -> 3
D99: =D14 -> 1 | E99: =IF(E14>=E84,1,IF(E28>=E84,2,IF(E42>=E84,3,IF(E56>=E84,4,5)))) -> 2 | F99: =IF(F14>=F84,1,IF(F28>=F84,2,IF(F42>=F84,3,IF(F56>=F84,4,5)))) -> 2 | G99: =IF(G14>=G84,1,IF(G28>=G84,2,IF(G42>=G84,3,IF(G56>=G84,4,5)))) -> 2 | H99: =IF(H14>=H84,1,IF(H28>=H84,2,IF(H42>=H84,3,IF(H56>=H84,4,5)))) -> 2 | I99: =IF(I14>=I84,1,IF(I28>=I84,2,IF(I42>=I84,3,IF(I56>=I84,4,5)))) -> 2 | J99: =IF(J14>=J84,1,IF(J28>=J84,2,IF(J42>=J84,3,IF(J56>=J84,4,5)))) -> 2 | K99: =IF(K14>=K84,1,IF(K28>=K84,2,IF(K42>=K84,3,IF(K56>=K84,4,5)))) -> 3 | L99: =IF(L14>=L84,1,IF(L28>=L84,2,IF(L42>=L84,3,IF(L56>=L84,4,5)))) -> 3 | ... O99: =IF(O14>=O84,1,IF(O28>=O84,2,IF(O42>=O84,3,IF(O56>=O84,4,5)))) -> 3
